Assembly Accession	Assembly BioSample Package
GCF_020889785.1	Microbe.1.0
GCA_020889785.1	Microbe.1.0
GCF_013178945.1	Microbe.1.0
GCF_013178925.1	Microbe.1.0
GCF_013178975.1	Microbe.1.0
GCA_013178925.1	Microbe.1.0
GCA_013178945.1	Microbe.1.0
GCA_013178975.1	Microbe.1.0
GCF_016031625.1	Microbe.1.0
GCA_016031625.1	Microbe.1.0
GCF_036924595.1	MIGS.ba.6.0
GCF_003062295.1	Microbe.1.0
GCA_003062285.1	Microbe.1.0
GCA_003062295.1	Microbe.1.0
GCA_036924595.1	MIGS.ba.6.0
GCF_020889705.1	Microbe.1.0
GCA_020889705.1	Microbe.1.0
GCF_002266435.3	Microbe.1.0
GCA_002266435.3	Microbe.1.0
GCF_015291705.1	Microbe.1.0
GCF_000472685.1	Generic.1.0
GCF_021052265.1	Microbe.1.0
GCF_024758445.1	Microbe.1.0
GCF_024758505.1	Microbe.1.0
GCF_900116675.1	MIGS.ba.6.0
GCA_000472685.1	Generic.1.0
GCA_015291705.1	Microbe.1.0
GCA_021052265.1	Microbe.1.0
GCA_024758445.1	Microbe.1.0
GCA_024758505.1	Microbe.1.0
GCA_900116675.1	MIGS.ba.6.0
GCF_013114835.1	Microbe.1.0
GCA_013114835.1	Microbe.1.0
GCF_020329495.1	Microbe.1.0
GCF_056156585.1	MIGS.ba.plant-associated.6.0
GCA_020329495.1	Microbe.1.0
GCA_056156585.1	MIGS.ba.plant-associated.6.0
GCF_013114825.1	Microbe.1.0
GCA_013114825.1	Microbe.1.0
GCF_021052365.1	Microbe.1.0
GCF_029714225.1	Microbe.1.0
GCF_052402455.1	Microbe.1.0
GCF_056148755.1	Microbe.1.0
GCF_056148815.1	Microbe.1.0
GCF_056238545.1	Microbe.1.0
GCF_056312355.1	Microbe.1.0
GCF_056552435.1	Microbe.1.0
GCA_021052365.1	Microbe.1.0
GCA_029714225.1	Microbe.1.0
GCA_052402455.1	Microbe.1.0
GCA_056148755.1	Microbe.1.0
GCA_056148815.1	Microbe.1.0
GCA_056238545.1	Microbe.1.0
GCA_056312355.1	Microbe.1.0
GCA_056552435.1	Microbe.1.0
GCF_011516635.5	Microbe.1.0
GCF_017565685.3	Microbe.1.0
GCA_011516635.5	Microbe.1.0
GCA_017565685.3	Microbe.1.0
GCF_011068405.5	Microbe.1.0
GCF_017565645.3	Microbe.1.0
GCF_054822365.1	Microbe.1.0
GCF_054822425.1	Microbe.1.0
GCF_054822805.1	Microbe.1.0
GCF_054822905.1	Microbe.1.0
GCF_054823005.1	Microbe.1.0
GCF_054823685.1	Microbe.1.0
GCF_054823885.1	Microbe.1.0
GCA_011068405.5	Microbe.1.0
GCA_017565645.3	Microbe.1.0
GCA_054822365.1	Microbe.1.0
GCA_054822425.1	Microbe.1.0
GCA_054822805.1	Microbe.1.0
GCA_054822905.1	Microbe.1.0
GCA_054823005.1	Microbe.1.0
GCA_054823685.1	Microbe.1.0
GCA_054823885.1	Microbe.1.0
GCF_008932115.1	Microbe.1.0
GCF_004123905.1	Microbe.1.0
GCF_024585145.1	Microbe.1.0
GCF_024806875.1	MIGS.ba.6.0
GCF_050632175.1	Microbe.1.0
GCA_004123905.1	Microbe.1.0
GCA_008932115.1	Microbe.1.0
GCA_024585145.1	Microbe.1.0
GCA_024806875.1	MIGS.ba.6.0
GCA_050632175.1	Microbe.1.0
GCA_053181885.1	Microbe.1.0
GCF_029714345.1	Microbe.1.0
GCF_001969825.1	Microbe.1.0
GCF_012689435.1	Microbe.1.0
GCF_020889715.1	Microbe.1.0
GCF_020889755.1	Microbe.1.0
GCF_024199825.1	Microbe.1.0
GCF_029714765.1	Microbe.1.0
GCF_900101405.1	MIGS.ba.6.0
GCA_001969825.1	Microbe.1.0
GCA_012689435.1	Microbe.1.0
GCA_020889715.1	Microbe.1.0
GCA_020889755.1	Microbe.1.0
GCA_024199825.1	Microbe.1.0
GCA_029714345.1	Microbe.1.0
GCA_029714765.1	Microbe.1.0
GCA_900101405.1	MIGS.ba.6.0
GCF_009759665.1	Microbe.1.0
GCF_024199785.1	Microbe.1.0
GCA_009759665.1	Microbe.1.0
GCA_024199785.1	Microbe.1.0
GCF_014530645.1	Microbe.1.0
GCF_014529705.1	Microbe.1.0
GCA_014529705.1	Microbe.1.0
GCA_014530645.1	Microbe.1.0
GCF_019402665.1	MIGS.ba.plant-associated.6.0
GCF_002108675.1	Microbe.1.0
GCF_002108695.1	Microbe.1.0
GCF_002108725.1	Microbe.1.0
GCF_002108745.1	Microbe.1.0
GCF_002108755.1	Microbe.1.0
GCF_002108775.1	Microbe.1.0
GCF_002108805.1	Microbe.1.0
GCF_002108825.1	Microbe.1.0
GCF_002108845.1	Microbe.1.0
GCF_002108865.1	Microbe.1.0
GCF_002108875.1	Microbe.1.0
GCF_002108905.1	Microbe.1.0
GCF_002108965.1	Microbe.1.0
GCF_002108995.1	Microbe.1.0
GCF_016907215.1	MIGS.ba.6.0
GCF_018130465.1	Microbe.1.0
GCF_900105125.1	MIGS.ba.6.0
GCA_002108675.1	Microbe.1.0
GCA_002108695.1	Microbe.1.0
GCA_002108725.1	Microbe.1.0
GCA_002108745.1	Microbe.1.0
GCA_002108755.1	Microbe.1.0
GCA_002108775.1	Microbe.1.0
GCA_002108805.1	Microbe.1.0
GCA_002108825.1	Microbe.1.0
GCA_002108845.1	Microbe.1.0
GCA_002108865.1	Microbe.1.0
GCA_002108875.1	Microbe.1.0
GCA_002108905.1	Microbe.1.0
GCA_002108965.1	Microbe.1.0
GCA_002108995.1	Microbe.1.0
GCA_016907215.1	MIGS.ba.6.0
GCA_018130465.1	Microbe.1.0
GCA_019402665.1	MIGS.ba.plant-associated.6.0
GCA_045811605.1	MIMAG.soil.6.0
GCA_900105125.1	MIGS.ba.6.0
GCF_054602315.1	Microbe.1.0
GCF_054602195.1	Microbe.1.0
GCF_054602205.1	Microbe.1.0
GCA_054602195.1	Microbe.1.0
GCA_054602205.1	Microbe.1.0
GCA_054602315.1	Microbe.1.0
GCF_020329485.1	Microbe.1.0
GCF_977008075.1	Generic.1.0
GCF_977012035.1	Generic.1.0
GCF_977012055.1	Generic.1.0
GCA_020329485.1	Microbe.1.0
GCA_977008075.1	Generic.1.0
GCA_977012035.1	Generic.1.0
GCA_977012055.1	Generic.1.0
GCF_001641635.1	Microbe.1.0
GCA_001641635.1	Microbe.1.0
GCF_045571495.1	Microbe.1.0
GCF_024809395.1	MIGS.ba.6.0
GCF_024809475.1	MIGS.ba.6.0
GCF_056867965.1	MIGS.ba.agriculture.6.0
GCA_024809395.1	MIGS.ba.6.0
GCA_024809475.1	MIGS.ba.6.0
GCA_045571495.1	Microbe.1.0
GCA_056867965.1	MIGS.ba.agriculture.6.0
GCF_015624505.1	Microbe.1.0
GCA_015624505.1	Microbe.1.0
GCF_000284275.1	Generic.1.0
GCF_007290395.2	Microbe.1.0
GCF_032290525.1	Microbe.1.0
GCA_000284275.1	Generic.1.0
GCA_007290395.2	Microbe.1.0
GCA_032290525.1	Microbe.1.0
GCF_008123515.1	MIGS.ba.plant-associated.6.0
GCA_008123515.1	MIGS.ba.plant-associated.6.0
GCF_021044685.1	Microbe.1.0
GCF_007830205.1	MIGS.ba.6.0
GCF_044909455.1	Microbe.1.0
GCA_007830205.1	MIGS.ba.6.0
GCA_021044685.1	Microbe.1.0
GCA_044909455.1	Microbe.1.0
GCF_042019905.1	Microbe.1.0
GCA_042019905.1	Microbe.1.0
GCF_013179005.1	Microbe.1.0
GCF_018129525.1	Microbe.1.0
GCF_023572055.1	Microbe.1.0
GCF_053891355.1	MIGS.ba.soil.6.0
GCF_055118695.1	Microbe.1.0
GCA_013179005.1	Microbe.1.0
GCA_018129525.1	Microbe.1.0
GCA_023572055.1	Microbe.1.0
GCA_053891355.1	MIGS.ba.soil.6.0
GCA_055118695.1	Microbe.1.0
GCF_000261765.1	Generic.1.0
GCF_000473025.1	Generic.1.0
GCF_001280585.1	Microbe.1.0
GCF_001549695.1	MIGS.ba.plant-associated.6.0
GCF_001908315.1	MIGS.ba.plant-associated.6.0
GCF_002531995.1	MIGS.ba.plant-associated.6.0
GCF_003183845.2	MIGS.ba.plant-associated.6.0
GCF_004359355.1	Microbe.1.0
GCF_011604625.2	Microbe.1.0
GCF_013390305.1	Microbe.1.0
GCF_014163415.1	MIGS.ba.plant-associated.6.0
GCF_014163435.1	MIGS.ba.plant-associated.6.0
GCF_014163455.1	MIGS.ba.plant-associated.6.0
GCF_014163475.1	MIGS.ba.plant-associated.6.0
GCF_016599855.1	Microbe.1.0
GCF_016612535.1	Microbe.1.0
GCF_016616235.1	Microbe.1.0
GCF_016616425.1	Microbe.1.0
GCF_016616885.1	Microbe.1.0
GCF_017831945.1	MIGS.ba.6.0
GCF_017831985.1	MIGS.ba.6.0
GCF_018129645.1	Microbe.1.0
GCF_018129705.1	Microbe.1.0
GCF_018129755.1	Microbe.1.0
GCF_018129785.1	Microbe.1.0
GCF_018129805.1	Microbe.1.0
GCF_018129925.1	Microbe.1.0
GCF_018129935.1	Microbe.1.0
GCF_018129965.1	Microbe.1.0
GCF_018130305.1	Microbe.1.0
GCF_018130485.1	Microbe.1.0
GCF_018130585.1	Microbe.1.0
GCF_018130635.1	Microbe.1.0
GCF_018130895.1	Microbe.1.0
GCF_018131015.1	Microbe.1.0
GCF_018131145.1	Microbe.1.0
GCF_018131165.1	Microbe.1.0
GCF_018131185.1	Microbe.1.0
GCF_021052285.1	Microbe.1.0
GCF_021229375.1	Microbe.1.0
GCF_021261415.1	MIGS.ba.plant-associated.6.0
GCF_021261445.1	MIGS.ba.plant-associated.6.0
GCF_021261465.1	MIGS.ba.plant-associated.6.0
GCF_021261485.1	MIGS.ba.plant-associated.6.0
GCF_023278165.1	Microbe.1.0
GCF_028561325.1	MIGS.ba.plant-associated.6.0
GCF_030176935.1	Microbe.1.0
GCF_030582975.1	MIGS.ba.plant-associated.6.0
GCF_030583485.1	MIGS.ba.plant-associated.6.0
GCF_030583565.1	MIGS.ba.plant-associated.6.0
GCF_030584705.1	MIGS.ba.plant-associated.6.0
GCF_030584825.1	MIGS.ba.plant-associated.6.0
GCF_035211335.1	Microbe.1.0
GCF_035213875.1	Microbe.1.0
GCF_035214775.1	Microbe.1.0
GCF_035215755.1	Microbe.1.0
GCF_035217035.1	Microbe.1.0
GCF_035218095.1	Microbe.1.0
GCF_035218935.1	Microbe.1.0
GCF_035219715.1	Microbe.1.0
GCF_035230525.1	Microbe.1.0
GCF_036936745.1	MIGS.ba.plant-associated.6.0
GCF_037623595.1	Microbe.1.0
GCF_037623615.1	Microbe.1.0
GCF_040544105.1	Microbe.1.0
GCF_040544145.1	Microbe.1.0
GCF_040544155.1	Microbe.1.0
GCF_040544185.1	Microbe.1.0
GCF_040544195.1	Microbe.1.0
GCF_040544215.1	Microbe.1.0
GCF_040544255.1	Microbe.1.0
GCF_040544285.1	Microbe.1.0
GCF_040544305.1	Microbe.1.0
GCF_041260465.1	Microbe.1.0
GCF_041260565.1	Microbe.1.0
GCF_041260805.1	Microbe.1.0
GCF_041260845.1	Microbe.1.0
GCF_041260915.1	Microbe.1.0
GCF_041261165.1	Microbe.1.0
GCF_041261485.1	Microbe.1.0
GCF_041262685.1	Microbe.1.0
GCF_044909355.1	Microbe.1.0
GCF_044909375.1	Microbe.1.0
GCF_044909395.1	Microbe.1.0
GCF_044909475.1	Microbe.1.0
GCF_044909635.1	Microbe.1.0
GCF_047948265.1	Microbe.1.0
GCF_053628615.1	Microbe.1.0
GCF_053629035.1	Microbe.1.0
GCF_053629075.1	Microbe.1.0
GCF_053629115.1	Microbe.1.0
GCF_054588535.1	Generic.1.0
GCF_054588555.1	Generic.1.0
GCF_054588635.1	Generic.1.0
GCF_054588655.1	Generic.1.0
GCF_054588695.1	Generic.1.0
GCF_054588755.1	Generic.1.0
GCF_054588775.1	Generic.1.0
GCF_054588795.1	Generic.1.0
GCF_054588835.1	Generic.1.0
GCF_054588895.1	Generic.1.0
GCF_054768275.1	Generic.1.0
GCF_054768295.1	Generic.1.0
GCF_054822025.1	Microbe.1.0
GCF_054822065.1	Microbe.1.0
GCF_054822145.1	Microbe.1.0
GCF_054822225.1	Microbe.1.0
GCF_054822245.1	Microbe.1.0
GCF_054822285.1	Microbe.1.0
GCF_054822325.1	Microbe.1.0
GCF_054822465.1	Microbe.1.0
GCF_054822505.1	Microbe.1.0
GCF_054822565.1	Microbe.1.0
GCF_054823085.1	Microbe.1.0
GCF_054823145.1	Microbe.1.0
GCF_054823325.1	Microbe.1.0
GCF_054823345.1	Microbe.1.0
GCF_054823365.1	Microbe.1.0
GCF_054823385.1	Microbe.1.0
GCF_054823575.1	Microbe.1.0
GCF_054823705.1	Microbe.1.0
GCF_054823805.1	Microbe.1.0
GCF_054823865.1	Microbe.1.0
GCF_055378445.1	Generic.1.0
GCF_055378835.1	Generic.1.0
GCF_055379065.1	Generic.1.0
GCF_055379625.1	Generic.1.0
GCF_055379835.1	Generic.1.0
GCF_055380625.1	Generic.1.0
GCF_055381045.1	Generic.1.0
GCF_055381445.1	Generic.1.0
GCF_055381845.1	Generic.1.0
GCF_055382325.1	Generic.1.0
GCF_055382705.1	Generic.1.0
GCF_055383185.1	Generic.1.0
GCF_055383555.1	Generic.1.0
GCF_055384005.1	Generic.1.0
GCF_055384495.1	Generic.1.0
GCF_055384855.1	Generic.1.0
GCF_055384905.1	Generic.1.0
GCF_055385275.1	Generic.1.0
GCF_055385305.1	Generic.1.0
GCF_055385625.1	Generic.1.0
GCF_055385635.1	Generic.1.0
GCF_055385995.1	Generic.1.0
GCF_055386005.1	Generic.1.0
GCF_055386345.1	Generic.1.0
GCF_055386375.1	Generic.1.0
GCF_055386515.1	Generic.1.0
GCF_055386825.1	Generic.1.0
GCF_055387175.1	Generic.1.0
GCF_055387205.1	Generic.1.0
GCF_055387605.1	Generic.1.0
GCF_055387635.1	Generic.1.0
GCF_055387945.1	Generic.1.0
GCF_055387975.1	Generic.1.0
GCF_055388195.1	Generic.1.0
GCF_055388225.1	Generic.1.0
GCF_055388725.1	Generic.1.0
GCF_055388735.1	Generic.1.0
GCF_055389125.1	Generic.1.0
GCF_055389155.1	Generic.1.0
GCF_055389515.1	Generic.1.0
GCF_055389545.1	Generic.1.0
GCF_055389905.1	Generic.1.0
GCF_055389935.1	Generic.1.0
GCF_055390305.1	Generic.1.0
GCF_055390315.1	Generic.1.0
GCF_055390665.1	Generic.1.0
GCF_055390675.1	Generic.1.0
GCF_055391065.1	Generic.1.0
GCF_055391075.1	Generic.1.0
GCF_055391405.1	Generic.1.0
GCF_055391435.1	Generic.1.0
GCF_055391805.1	Generic.1.0
GCF_055391835.1	Generic.1.0
GCF_055392185.1	Generic.1.0
GCF_055392215.1	Generic.1.0
GCF_055392445.1	Generic.1.0
GCF_055392455.1	Generic.1.0
GCF_055392985.1	Generic.1.0
GCF_055392995.1	Generic.1.0
GCF_055393185.1	Generic.1.0
GCF_055393235.1	Generic.1.0
GCF_055393835.1	Generic.1.0
GCF_055393865.1	Generic.1.0
GCF_055394205.1	Generic.1.0
GCF_055394215.1	Generic.1.0
GCF_055394655.1	Generic.1.0
GCF_055394665.1	Generic.1.0
GCF_055394845.1	Generic.1.0
GCF_055394855.1	Generic.1.0
GCF_055395465.1	Generic.1.0
GCF_055395495.1	Generic.1.0
GCF_055395855.1	Generic.1.0
GCF_055395905.1	Generic.1.0
GCF_055396305.1	Generic.1.0
GCF_055396315.1	Generic.1.0
GCF_055396655.1	Generic.1.0
GCF_055396755.1	Generic.1.0
GCF_055397025.1	Generic.1.0
GCF_055397285.1	Generic.1.0
GCF_055397475.1	Generic.1.0
GCF_055397655.1	Generic.1.0
GCF_055397885.1	Generic.1.0
GCF_055398135.1	Generic.1.0
GCF_055398315.1	Generic.1.0
GCF_055504515.1	Microbe.1.0
GCF_056891115.1	Microbe.1.0
GCA_000261765.1	Generic.1.0
GCA_000473025.1	Generic.1.0
GCA_001280585.1	Microbe.1.0
GCA_001549695.1	MIGS.ba.plant-associated.6.0
GCA_001908315.1	MIGS.ba.plant-associated.6.0
GCA_002531995.1	MIGS.ba.plant-associated.6.0
GCA_003183845.2	MIGS.ba.plant-associated.6.0
GCA_004359355.1	Microbe.1.0
GCA_011604625.2	Microbe.1.0
GCA_013390305.1	Microbe.1.0
GCA_014163415.1	MIGS.ba.plant-associated.6.0
GCA_014163435.1	MIGS.ba.plant-associated.6.0
GCA_014163455.1	MIGS.ba.plant-associated.6.0
GCA_014163475.1	MIGS.ba.plant-associated.6.0
GCA_016599855.1	Microbe.1.0
GCA_016612535.1	Microbe.1.0
GCA_016616235.1	Microbe.1.0
GCA_016616425.1	Microbe.1.0
GCA_016616885.1	Microbe.1.0
GCA_017831945.1	MIGS.ba.6.0
GCA_017831985.1	MIGS.ba.6.0
GCA_018129645.1	Microbe.1.0
GCA_018129705.1	Microbe.1.0
GCA_018129755.1	Microbe.1.0
GCA_018129785.1	Microbe.1.0
GCA_018129805.1	Microbe.1.0
GCA_018129925.1	Microbe.1.0
GCA_018129935.1	Microbe.1.0
GCA_018129965.1	Microbe.1.0
GCA_018130305.1	Microbe.1.0
GCA_018130485.1	Microbe.1.0
GCA_018130585.1	Microbe.1.0
GCA_018130635.1	Microbe.1.0
GCA_018130895.1	Microbe.1.0
GCA_018131015.1	Microbe.1.0
GCA_018131145.1	Microbe.1.0
GCA_018131165.1	Microbe.1.0
GCA_018131185.1	Microbe.1.0
GCA_021052285.1	Microbe.1.0
GCA_021229375.1	Microbe.1.0
GCA_021261415.1	MIGS.ba.plant-associated.6.0
GCA_021261445.1	MIGS.ba.plant-associated.6.0
GCA_021261465.1	MIGS.ba.plant-associated.6.0
GCA_021261485.1	MIGS.ba.plant-associated.6.0
GCA_023278165.1	Microbe.1.0
GCA_024171105.1	MIGS.ba.6.0
GCA_024171125.1	MIGS.ba.6.0
GCA_024171185.1	MIGS.ba.6.0
GCA_025960915.1	MIGS.ba.6.0
GCA_025962255.1	MIGS.ba.6.0
GCA_025962295.1	MIGS.ba.6.0
GCA_025962445.1	MIGS.ba.6.0
GCA_025962455.1	MIGS.ba.6.0
GCA_025962515.1	MIGS.ba.6.0
GCA_025962555.1	MIGS.ba.6.0
GCA_028561325.1	MIGS.ba.plant-associated.6.0
GCA_030176935.1	Microbe.1.0
GCA_030582975.1	MIGS.ba.plant-associated.6.0
GCA_030583485.1	MIGS.ba.plant-associated.6.0
GCA_030583565.1	MIGS.ba.plant-associated.6.0
GCA_030584705.1	MIGS.ba.plant-associated.6.0
GCA_030584825.1	MIGS.ba.plant-associated.6.0
GCA_035211335.1	Microbe.1.0
GCA_035213875.1	Microbe.1.0
GCA_035214775.1	Microbe.1.0
GCA_035215755.1	Microbe.1.0
GCA_035217035.1	Microbe.1.0
GCA_035218095.1	Microbe.1.0
GCA_035218935.1	Microbe.1.0
GCA_035219715.1	Microbe.1.0
GCA_035230525.1	Microbe.1.0
GCA_036936745.1	MIGS.ba.plant-associated.6.0
GCA_037623595.1	Microbe.1.0
GCA_037623615.1	Microbe.1.0
GCA_040544105.1	Microbe.1.0
GCA_040544145.1	Microbe.1.0
GCA_040544155.1	Microbe.1.0
GCA_040544185.1	Microbe.1.0
GCA_040544195.1	Microbe.1.0
GCA_040544215.1	Microbe.1.0
GCA_040544255.1	Microbe.1.0
GCA_040544285.1	Microbe.1.0
GCA_040544305.1	Microbe.1.0
GCA_041260465.1	Microbe.1.0
GCA_041260565.1	Microbe.1.0
GCA_041260805.1	Microbe.1.0
GCA_041260845.1	Microbe.1.0
GCA_041260865.1	Microbe.1.0
GCA_041260915.1	Microbe.1.0
GCA_041261125.1	Microbe.1.0
GCA_041261165.1	Microbe.1.0
GCA_041261485.1	Microbe.1.0
GCA_041262685.1	Microbe.1.0
GCA_044909355.1	Microbe.1.0
GCA_044909375.1	Microbe.1.0
GCA_044909395.1	Microbe.1.0
GCA_044909415.1	Microbe.1.0
GCA_044909475.1	Microbe.1.0
GCA_044909635.1	Microbe.1.0
GCA_047948265.1	Microbe.1.0
GCA_053628615.1	Microbe.1.0
GCA_053629035.1	Microbe.1.0
GCA_053629075.1	Microbe.1.0
GCA_053629115.1	Microbe.1.0
GCA_054588535.1	Generic.1.0
GCA_054588555.1	Generic.1.0
GCA_054588635.1	Generic.1.0
GCA_054588655.1	Generic.1.0
GCA_054588695.1	Generic.1.0
GCA_054588755.1	Generic.1.0
GCA_054588775.1	Generic.1.0
GCA_054588795.1	Generic.1.0
GCA_054588835.1	Generic.1.0
GCA_054588895.1	Generic.1.0
GCA_054768275.1	Generic.1.0
GCA_054768295.1	Generic.1.0
GCA_054768315.1	Generic.1.0
GCA_054822025.1	Microbe.1.0
GCA_054822065.1	Microbe.1.0
GCA_054822145.1	Microbe.1.0
GCA_054822225.1	Microbe.1.0
GCA_054822245.1	Microbe.1.0
GCA_054822285.1	Microbe.1.0
GCA_054822325.1	Microbe.1.0
GCA_054822405.1	Microbe.1.0
GCA_054822465.1	Microbe.1.0
GCA_054822505.1	Microbe.1.0
GCA_054822565.1	Microbe.1.0
GCA_054822685.1	Microbe.1.0
GCA_054822985.1	Microbe.1.0
GCA_054823085.1	Microbe.1.0
GCA_054823105.1	Microbe.1.0
GCA_054823145.1	Microbe.1.0
GCA_054823265.1	Microbe.1.0
GCA_054823325.1	Microbe.1.0
GCA_054823345.1	Microbe.1.0
GCA_054823365.1	Microbe.1.0
GCA_054823385.1	Microbe.1.0
GCA_054823575.1	Microbe.1.0
GCA_054823705.1	Microbe.1.0
GCA_054823805.1	Microbe.1.0
GCA_054823865.1	Microbe.1.0
GCA_055378445.1	Generic.1.0
GCA_055378835.1	Generic.1.0
GCA_055379065.1	Generic.1.0
GCA_055379625.1	Generic.1.0
GCA_055379835.1	Generic.1.0
GCA_055380195.1	Generic.1.0
GCA_055380625.1	Generic.1.0
GCA_055381045.1	Generic.1.0
GCA_055381445.1	Generic.1.0
GCA_055381845.1	Generic.1.0
GCA_055382325.1	Generic.1.0
GCA_055382705.1	Generic.1.0
GCA_055383185.1	Generic.1.0
GCA_055383555.1	Generic.1.0
GCA_055384005.1	Generic.1.0
GCA_055384495.1	Generic.1.0
GCA_055384855.1	Generic.1.0
GCA_055384905.1	Generic.1.0
GCA_055385275.1	Generic.1.0
GCA_055385305.1	Generic.1.0
GCA_055385625.1	Generic.1.0
GCA_055385635.1	Generic.1.0
GCA_055385995.1	Generic.1.0
GCA_055386005.1	Generic.1.0
GCA_055386345.1	Generic.1.0
GCA_055386375.1	Generic.1.0
GCA_055386515.1	Generic.1.0
GCA_055386825.1	Generic.1.0
GCA_055387175.1	Generic.1.0
GCA_055387205.1	Generic.1.0
GCA_055387605.1	Generic.1.0
GCA_055387635.1	Generic.1.0
GCA_055387945.1	Generic.1.0
GCA_055387975.1	Generic.1.0
GCA_055388195.1	Generic.1.0
GCA_055388225.1	Generic.1.0
GCA_055388725.1	Generic.1.0
GCA_055388735.1	Generic.1.0
GCA_055389125.1	Generic.1.0
GCA_055389155.1	Generic.1.0
GCA_055389515.1	Generic.1.0
GCA_055389545.1	Generic.1.0
GCA_055389905.1	Generic.1.0
GCA_055389935.1	Generic.1.0
GCA_055390305.1	Generic.1.0
GCA_055390315.1	Generic.1.0
GCA_055390665.1	Generic.1.0
GCA_055390675.1	Generic.1.0
GCA_055391065.1	Generic.1.0
GCA_055391075.1	Generic.1.0
GCA_055391405.1	Generic.1.0
GCA_055391435.1	Generic.1.0
GCA_055391805.1	Generic.1.0
GCA_055391835.1	Generic.1.0
GCA_055392185.1	Generic.1.0
GCA_055392215.1	Generic.1.0
GCA_055392445.1	Generic.1.0
GCA_055392455.1	Generic.1.0
GCA_055392985.1	Generic.1.0
GCA_055392995.1	Generic.1.0
GCA_055393185.1	Generic.1.0
GCA_055393235.1	Generic.1.0
GCA_055393835.1	Generic.1.0
GCA_055393865.1	Generic.1.0
GCA_055394205.1	Generic.1.0
GCA_055394215.1	Generic.1.0
GCA_055394655.1	Generic.1.0
GCA_055394665.1	Generic.1.0
GCA_055394845.1	Generic.1.0
GCA_055394855.1	Generic.1.0
GCA_055395465.1	Generic.1.0
GCA_055395495.1	Generic.1.0
GCA_055395855.1	Generic.1.0
GCA_055395905.1	Generic.1.0
GCA_055396305.1	Generic.1.0
GCA_055396315.1	Generic.1.0
GCA_055396655.1	Generic.1.0
GCA_055396755.1	Generic.1.0
GCA_055397025.1	Generic.1.0
GCA_055397285.1	Generic.1.0
GCA_055397475.1	Generic.1.0
GCA_055397655.1	Generic.1.0
GCA_055397885.1	Generic.1.0
GCA_055398135.1	Generic.1.0
GCA_055398315.1	Generic.1.0
GCA_055504515.1	Microbe.1.0
GCA_056891115.1	Microbe.1.0
GCF_000648595.1	Generic.1.0
GCA_000648595.2	Generic.1.0
GCF_001642675.1	Microbe.1.0
GCF_000011365.1	Generic.1.0
GCA_000011365.1	Generic.1.0
GCA_001642675.1	Microbe.1.0
GCF_016031635.1	Microbe.1.0
GCA_016031635.1	Microbe.1.0
GCF_000878305.1	Microbe.1.0
GCF_001718185.1	Microbe.1.0
GCF_001718205.1	Microbe.1.0
GCF_001868735.1	MIGS.ba.6.0
GCF_004152955.1	Microbe.1.0
GCF_005298095.1	Microbe.1.0
GCF_006539665.1	MIGS.ba.6.0
GCF_013392745.1	Microbe.1.0
GCF_013392765.1	Microbe.1.0
GCF_017834125.1	MIGS.ba.6.0
GCF_017876705.1	MIGS.ba.6.0
GCF_018131045.1	Microbe.1.0
GCF_024170885.1	MIGS.ba.6.0
GCF_024171005.1	MIGS.ba.6.0
GCF_024171165.1	MIGS.ba.6.0
GCF_024171225.1	MIGS.ba.6.0
GCF_024171245.1	MIGS.ba.6.0
GCF_024171365.1	MIGS.ba.6.0
GCF_024806645.1	MIGS.ba.6.0
GCF_024807635.1	MIGS.ba.6.0
GCF_024807775.1	MIGS.ba.6.0
GCF_024807815.1	MIGS.ba.6.0
GCF_024807895.1	MIGS.ba.6.0
GCF_024807975.1	MIGS.ba.6.0
GCF_024808375.1	MIGS.ba.6.0
GCF_024808435.1	MIGS.ba.6.0
GCF_024808515.1	MIGS.ba.6.0
GCF_024808795.1	MIGS.ba.6.0
GCF_024808895.1	MIGS.ba.6.0
GCF_024808915.1	MIGS.ba.6.0
GCF_024808955.1	MIGS.ba.6.0
GCF_024809375.1	MIGS.ba.6.0
GCF_024809655.1	MIGS.ba.6.0
GCF_024810215.1	MIGS.ba.6.0
GCF_025960955.1	MIGS.ba.6.0
GCF_025961015.1	MIGS.ba.6.0
GCF_025961025.1	MIGS.ba.6.0
GCF_025961055.1	MIGS.ba.6.0
GCF_025961075.1	MIGS.ba.6.0
GCF_025961135.1	MIGS.ba.6.0
GCF_025961155.1	MIGS.ba.6.0
GCF_025961175.1	MIGS.ba.6.0
GCF_025961655.1	MIGS.ba.6.0
GCF_025961675.1	MIGS.ba.6.0
GCF_029893425.1	MIGS.ba.6.0
GCF_030583585.1	MIGS.ba.plant-associated.6.0
GCF_030584565.1	MIGS.ba.plant-associated.6.0
GCF_030584725.1	MIGS.ba.plant-associated.6.0
GCF_030584765.1	MIGS.ba.plant-associated.6.0
GCF_030585125.1	MIGS.ba.plant-associated.6.0
GCF_030585185.1	MIGS.ba.plant-associated.6.0
GCF_030585205.1	MIGS.ba.plant-associated.6.0
GCF_036936725.1	MIGS.ba.plant-associated.6.0
GCF_036936785.1	MIGS.ba.plant-associated.6.0
GCF_040544245.1	Microbe.1.0
GCF_040549505.1	Microbe.1.0
GCF_041260235.1	Microbe.1.0
GCF_041260275.1	Microbe.1.0
GCF_041260305.1	Microbe.1.0
GCF_041260425.1	Microbe.1.0
GCF_041260645.1	Microbe.1.0
GCF_041260705.1	Microbe.1.0
GCF_041260725.1	Microbe.1.0
GCF_041260765.1	Microbe.1.0
GCF_041260945.1	Microbe.1.0
GCF_041261045.1	Microbe.1.0
GCF_041261245.1	Microbe.1.0
GCF_041261345.1	Microbe.1.0
GCF_041261425.1	Microbe.1.0
GCF_041261585.1	Microbe.1.0
GCF_041262045.1	Microbe.1.0
GCF_041262225.1	Microbe.1.0
GCF_041262245.1	Microbe.1.0
GCF_041262325.1	Microbe.1.0
GCF_041262445.1	Microbe.1.0
GCF_044909045.1	Microbe.1.0
GCF_044909275.1	Microbe.1.0
GCF_044909735.1	Microbe.1.0
GCF_050435485.1	Microbe.1.0
GCF_053628735.1	Microbe.1.0
GCF_053629055.1	Microbe.1.0
GCF_053629475.1	Microbe.1.0
GCF_053629615.1	Microbe.1.0
GCF_053629735.1	Microbe.1.0
GCF_053629775.1	Microbe.1.0
GCF_053629815.1	Microbe.1.0
GCF_053629835.1	Microbe.1.0
GCF_054061995.1	Microbe.1.0
GCF_054822345.1	Microbe.1.0
GCF_054822385.1	Microbe.1.0
GCF_054822475.1	Microbe.1.0
GCF_054822545.1	Microbe.1.0
GCF_054822725.1	Microbe.1.0
GCF_054822815.1	Microbe.1.0
GCF_054822875.1	Microbe.1.0
GCF_054823035.1	Microbe.1.0
GCF_054889385.1	Microbe.1.0
GCF_055791125.1	Microbe.1.0
GCF_055791145.1	Microbe.1.0
GCF_058119575.1	Microbe.1.0
GCF_058374615.1	MIGS.ba.agriculture.6.0
GCF_058374655.1	MIGS.ba.agriculture.6.0
GCA_000878305.1	Microbe.1.0
GCA_001718185.1	Microbe.1.0
GCA_001718205.1	Microbe.1.0
GCA_001868735.1	MIGS.ba.6.0
GCA_004152955.1	Microbe.1.0
GCA_005298095.1	Microbe.1.0
GCA_006539665.1	MIGS.ba.6.0
GCA_013392745.1	Microbe.1.0
GCA_013392765.1	Microbe.1.0
GCA_017834125.1	MIGS.ba.6.0
GCA_017876705.1	MIGS.ba.6.0
GCA_018131045.1	Microbe.1.0
GCA_024170525.1	MIGS.ba.6.0
GCA_024170535.1	MIGS.ba.6.0
GCA_024170885.1	MIGS.ba.6.0
GCA_024171005.1	MIGS.ba.6.0
GCA_024171165.1	MIGS.ba.6.0
GCA_024171225.1	MIGS.ba.6.0
GCA_024171245.1	MIGS.ba.6.0
GCA_024171285.1	MIGS.ba.6.0
GCA_024171365.1	MIGS.ba.6.0
GCA_024806645.1	MIGS.ba.6.0
GCA_024807635.1	MIGS.ba.6.0
GCA_024807775.1	MIGS.ba.6.0
GCA_024807815.1	MIGS.ba.6.0
GCA_024807895.1	MIGS.ba.6.0
GCA_024807975.1	MIGS.ba.6.0
GCA_024808375.1	MIGS.ba.6.0
GCA_024808435.1	MIGS.ba.6.0
GCA_024808515.1	MIGS.ba.6.0
GCA_024808795.1	MIGS.ba.6.0
GCA_024808895.1	MIGS.ba.6.0
GCA_024808915.1	MIGS.ba.6.0
GCA_024808955.1	MIGS.ba.6.0
GCA_024809375.1	MIGS.ba.6.0
GCA_024809655.1	MIGS.ba.6.0
GCA_024810215.1	MIGS.ba.6.0
GCA_025960955.1	MIGS.ba.6.0
GCA_025961015.1	MIGS.ba.6.0
GCA_025961025.1	MIGS.ba.6.0
GCA_025961055.1	MIGS.ba.6.0
GCA_025961075.1	MIGS.ba.6.0
GCA_025961135.1	MIGS.ba.6.0
GCA_025961155.1	MIGS.ba.6.0
GCA_025961175.1	MIGS.ba.6.0
GCA_025961655.1	MIGS.ba.6.0
GCA_025961675.1	MIGS.ba.6.0
GCA_029893425.1	MIGS.ba.6.0
GCA_030583525.1	MIGS.ba.plant-associated.6.0
GCA_030583585.1	MIGS.ba.plant-associated.6.0
GCA_030584565.1	MIGS.ba.plant-associated.6.0
GCA_030584725.1	MIGS.ba.plant-associated.6.0
GCA_030584765.1	MIGS.ba.plant-associated.6.0
GCA_030585125.1	MIGS.ba.plant-associated.6.0
GCA_030585185.1	MIGS.ba.plant-associated.6.0
GCA_030585205.1	MIGS.ba.plant-associated.6.0
GCA_036936725.1	MIGS.ba.plant-associated.6.0
GCA_036936785.1	MIGS.ba.plant-associated.6.0
GCA_040544245.1	Microbe.1.0
GCA_040549505.1	Microbe.1.0
GCA_041260235.1	Microbe.1.0
GCA_041260275.1	Microbe.1.0
GCA_041260305.1	Microbe.1.0
GCA_041260425.1	Microbe.1.0
GCA_041260645.1	Microbe.1.0
GCA_041260705.1	Microbe.1.0
GCA_041260725.1	Microbe.1.0
GCA_041260765.1	Microbe.1.0
GCA_041260945.1	Microbe.1.0
GCA_041261045.1	Microbe.1.0
GCA_041261245.1	Microbe.1.0
GCA_041261345.1	Microbe.1.0
GCA_041261425.1	Microbe.1.0
GCA_041261585.1	Microbe.1.0
GCA_041262045.1	Microbe.1.0
GCA_041262225.1	Microbe.1.0
GCA_041262245.1	Microbe.1.0
GCA_041262325.1	Microbe.1.0
GCA_041262445.1	Microbe.1.0
GCA_044909045.1	Microbe.1.0
GCA_044909275.1	Microbe.1.0
GCA_044909735.1	Microbe.1.0
GCA_050435485.1	Microbe.1.0
GCA_053628735.1	Microbe.1.0
GCA_053629055.1	Microbe.1.0
GCA_053629475.1	Microbe.1.0
GCA_053629615.1	Microbe.1.0
GCA_053629735.1	Microbe.1.0
GCA_053629775.1	Microbe.1.0
GCA_053629815.1	Microbe.1.0
GCA_053629835.1	Microbe.1.0
GCA_054061995.1	Microbe.1.0
GCA_054822345.1	Microbe.1.0
GCA_054822385.1	Microbe.1.0
GCA_054822475.1	Microbe.1.0
GCA_054822545.1	Microbe.1.0
GCA_054822725.1	Microbe.1.0
GCA_054822815.1	Microbe.1.0
GCA_054822875.1	Microbe.1.0
GCA_054823035.1	Microbe.1.0
GCA_054889385.1	Microbe.1.0
GCA_055791125.1	Microbe.1.0
GCA_055791145.1	Microbe.1.0
GCA_058119575.1	Microbe.1.0
GCA_058374615.1	MIGS.ba.agriculture.6.0
GCA_058374655.1	MIGS.ba.agriculture.6.0
GCF_000257685.2	Generic.1.0
GCA_000257685.2	Generic.1.0
GCF_000261505.1	Generic.1.0
GCA_000261505.1	Generic.1.0
GCF_000261525.1	Generic.1.0
GCA_000261525.1	Generic.1.0
GCF_000472765.1	Generic.1.0
GCA_000472765.1	Generic.1.0
GCF_000473005.1	Generic.1.0
GCA_000473005.1	Generic.1.0
GCF_012871055.1	Generic.1.0
GCF_024809255.1	MIGS.ba.6.0
GCA_012871055.1	Generic.1.0
GCA_024809255.1	MIGS.ba.6.0
GCF_023278185.1	Microbe.1.0
GCF_000379145.1	MIGS.ba.6.0
GCA_000379145.1	MIGS.ba.6.0
GCA_023278185.1	Microbe.1.0
GCF_000519225.1	MIGS.ba.6.0
GCF_030584845.1	MIGS.ba.plant-associated.6.0
GCA_000519225.1	MIGS.ba.6.0
GCA_030584845.1	MIGS.ba.plant-associated.6.0
GCF_000472865.1	Generic.1.0
GCA_000472865.1	Generic.1.0
GCF_001189235.2	MIGS.ba.host-associated.6.0
GCF_054822205.1	Microbe.1.0
GCF_054822625.1	Microbe.1.0
GCA_001189235.2	MIGS.ba.host-associated.6.0
GCA_054822205.1	Microbe.1.0
GCA_054822625.1	Microbe.1.0
GCF_042430365.1	Microbe.1.0
GCF_056156525.1	MIGS.ba.plant-associated.6.0
GCF_900105845.1	MIGS.ba.6.0
GCF_900129425.1	MIGS.ba.6.0
GCF_900129505.1	MIGS.ba.6.0
GCF_900129675.1	MIGS.ba.6.0
GCF_900142985.1	MIGS.ba.6.0
GCA_042430365.1	Microbe.1.0
GCA_056156525.1	MIGS.ba.plant-associated.6.0
GCA_900105845.1	MIGS.ba.6.0
GCA_900129425.1	MIGS.ba.6.0
GCA_900129505.1	MIGS.ba.6.0
GCA_900129675.1	MIGS.ba.6.0
GCA_900142985.1	MIGS.ba.6.0
GCF_056837965.1	MIGS.ba.plant-associated.6.0
GCA_056837965.1	MIGS.ba.plant-associated.6.0
GCF_002795245.1	Microbe.1.0
GCA_002795245.1	Microbe.1.0
GCF_004570865.1	Microbe.1.0
GCF_004571045.1	Microbe.1.0
GCA_004570865.1	Microbe.1.0
GCA_004571045.1	Microbe.1.0
GCF_049949285.1	MIGS.ba.plant-associated.6.0
GCA_049949285.1	MIGS.ba.plant-associated.6.0
GCF_000261685.1	Generic.1.0
GCA_000261685.1	Generic.1.0
GCF_000261705.1	Generic.1.0
GCF_000261725.1	Generic.1.0
GCF_000261745.1	Generic.1.0
GCA_000261705.1	Generic.1.0
GCA_000261725.1	Generic.1.0
GCA_000261745.1	Generic.1.0
GCF_049949275.1	Microbe.1.0
GCA_049949275.1	Microbe.1.0
GCF_015624485.1	Microbe.1.0
GCA_015624485.1	Microbe.1.0
GCF_049949265.1	Microbe.1.0
GCA_049949265.1	Microbe.1.0
GCF_004212635.1	Microbe.1.0
GCA_004212635.1	Microbe.1.0
GCF_000473125.1	Generic.1.0
GCA_000473125.1	Generic.1.0
GCF_016031655.1	Microbe.1.0
GCA_016031655.1	Microbe.1.0
GCF_004114975.1	Generic.1.0
GCF_002128415.1	Microbe.1.0
GCF_006483445.1	Microbe.1.0
GCF_014640515.1	MIGS.ba.6.0
GCF_015291685.1	Microbe.1.0
GCF_053669695.1	MIGS.ba.plant-associated.6.0
GCF_053669755.1	MIGS.ba.plant-associated.6.0
GCA_002128415.1	Microbe.1.0
GCA_004114975.1	Generic.1.0
GCA_006483445.1	Microbe.1.0
GCA_014640515.1	MIGS.ba.6.0
GCA_015291685.1	Microbe.1.0
GCA_040348635.1	MIMAG.6.0
GCA_053669695.1	MIGS.ba.plant-associated.6.0
GCA_053669755.1	MIGS.ba.plant-associated.6.0
GCF_004114915.1	Generic.1.0
GCA_004114915.1	Generic.1.0
GCA_050563515.1	Microbe.1.0
GCA_053181705.1	Microbe.1.0
GCF_004114955.1	Microbe.1.0
GCF_004114445.1	Microbe.1.0
GCF_004114475.1	Microbe.1.0
GCA_004114445.1	Microbe.1.0
GCA_004114475.1	Microbe.1.0
GCA_004114955.1	Microbe.1.0
GCF_020329435.1	Microbe.1.0
GCA_020329435.1	Microbe.1.0
GCF_008123965.1	MIGS.ba.plant-associated.6.0
GCA_008123965.1	MIGS.ba.plant-associated.6.0
GCF_025200885.1	Microbe.1.0
GCF_007830635.1	MIGS.ba.6.0
GCF_054823065.1	Microbe.1.0
GCF_054823605.1	Microbe.1.0
GCA_007830635.1	MIGS.ba.6.0
GCA_025200885.1	Microbe.1.0
GCA_054823065.1	Microbe.1.0
GCA_054823605.1	Microbe.1.0
GCF_001693385.1	Microbe.1.0
GCA_001693385.1	Microbe.1.0
GCA_005768645.1	MIGS.ba.6.0
GCF_055791185.1	Microbe.1.0
GCA_055791185.1	Microbe.1.0
GCF_030160715.1	Generic.1.0
GCF_018129405.1	Microbe.1.0
GCF_018130765.1	Microbe.1.0
GCA_018129405.1	Microbe.1.0
GCA_018130765.1	Microbe.1.0
GCA_030160715.1	Generic.1.0
GCF_900696085.1	Generic.1.0
GCF_020889745.1	Microbe.1.0
GCF_900696075.1	Generic.1.0
GCA_020889745.1	Microbe.1.0
GCA_900696075.2	Generic.1.0
GCA_900696085.2	Generic.1.0
GCA_943368005.1	Generic.1.0
GCA_943368825.1	Generic.1.0
GCA_943369715.1	Generic.1.0
GCA_943369805.1	Generic.1.0
GCA_943370715.1	Generic.1.0
GCA_943371925.1	Generic.1.0
GCA_943372355.1	Generic.1.0
GCA_943372615.1	Generic.1.0
GCA_943372745.1	Generic.1.0
GCF_013752735.1	Microbe.1.0
GCF_000773865.1	Microbe.1.0
GCF_000807315.1	Microbe.1.0
GCF_001038185.1	MIGS.ba.soil.6.0
GCF_001887695.1	MIGS.ba.plant-associated.6.0
GCF_002108935.1	Microbe.1.0
GCF_006539645.1	MIGS.ba.6.0
GCF_009864815.1	Microbe.1.0
GCF_018130365.1	Microbe.1.0
GCF_018130735.1	Microbe.1.0
GCF_018130795.1	Microbe.1.0
GCF_018130835.1	Microbe.1.0
GCF_018130925.1	Microbe.1.0
GCF_021213785.1	MIGS.ba.plant-associated.6.0
GCF_021261305.1	MIGS.ba.plant-associated.6.0
GCF_021261335.1	MIGS.ba.plant-associated.6.0
GCF_021261355.1	MIGS.ba.plant-associated.6.0
GCF_023277985.1	Microbe.1.0
GCF_023278145.1	Microbe.1.0
GCF_023511055.1	Microbe.1.0
GCF_023511065.1	Microbe.1.0
GCF_024170805.1	MIGS.ba.6.0
GCF_024170825.1	MIGS.ba.6.0
GCF_024170905.1	MIGS.ba.6.0
GCF_024170925.1	MIGS.ba.6.0
GCF_024170945.1	MIGS.ba.6.0
GCF_024170955.1	MIGS.ba.6.0
GCF_024171025.1	MIGS.ba.6.0
GCF_024171065.1	MIGS.ba.6.0
GCF_024171145.1	MIGS.ba.6.0
GCF_024171205.1	MIGS.ba.6.0
GCF_024171265.1	MIGS.ba.6.0
GCF_024171305.1	MIGS.ba.6.0
GCF_024171445.1	MIGS.ba.6.0
GCF_024807115.1	MIGS.ba.6.0
GCF_024807285.1	MIGS.ba.6.0
GCF_024807725.1	MIGS.ba.6.0
GCF_024807735.1	MIGS.ba.6.0
GCF_024807795.1	MIGS.ba.6.0
GCF_024808475.1	MIGS.ba.6.0
GCF_024808485.1	MIGS.ba.6.0
GCF_024808695.1	MIGS.ba.6.0
GCF_024808735.1	MIGS.ba.6.0
GCF_024809275.1	MIGS.ba.6.0
GCF_024809305.1	MIGS.ba.6.0
GCF_024809355.1	MIGS.ba.6.0
GCF_024809455.1	MIGS.ba.6.0
GCF_024809875.1	MIGS.ba.6.0
GCF_025961095.1	MIGS.ba.6.0
GCF_025961545.1	MIGS.ba.6.0
GCF_025961635.1	MIGS.ba.6.0
GCF_029892585.1	MIGS.ba.6.0
GCF_030584745.1	MIGS.ba.plant-associated.6.0
GCF_030584785.1	MIGS.ba.plant-associated.6.0
GCF_030584865.1	MIGS.ba.plant-associated.6.0
GCF_030584905.1	MIGS.ba.plant-associated.6.0
GCF_035091585.1	Microbe.1.0
GCF_035210515.1	Microbe.1.0
GCF_035211935.1	Microbe.1.0
GCF_035213235.1	Microbe.1.0
GCF_035227705.1	Microbe.1.0
GCF_035228805.1	Microbe.1.0
GCF_035229585.1	Microbe.1.0
GCF_035237585.1	Microbe.1.0
GCF_037623475.1	Microbe.1.0
GCF_037623515.1	Microbe.1.0
GCF_040549545.1	Microbe.1.0
GCF_040549565.1	Microbe.1.0
GCF_040549585.1	Microbe.1.0
GCF_040549605.1	Microbe.1.0
GCF_040549645.1	Microbe.1.0
GCF_041260405.1	Microbe.1.0
GCF_041260525.1	Microbe.1.0
GCF_041260885.1	Microbe.1.0
GCF_041261005.1	Microbe.1.0
GCF_041261065.1	Microbe.1.0
GCF_041261285.1	Microbe.1.0
GCF_041261505.1	Microbe.1.0
GCF_041261525.1	Microbe.1.0
GCF_041261545.1	Microbe.1.0
GCF_041261605.1	Microbe.1.0
GCF_041261625.1	Microbe.1.0
GCF_041261825.1	Microbe.1.0
GCF_041261865.1	Microbe.1.0
GCF_041261885.1	Microbe.1.0
GCF_041261985.1	Microbe.1.0
GCF_042137995.2	Microbe.1.0
GCF_044908525.1	Microbe.1.0
GCF_044909155.1	Microbe.1.0
GCF_044909175.1	Microbe.1.0
GCF_044909435.1	Microbe.1.0
GCF_046603655.1	Microbe.1.0
GCF_048833685.1	Microbe.1.0
GCF_053628635.1	Microbe.1.0
GCF_053628715.1	Microbe.1.0
GCF_053628755.1	Microbe.1.0
GCF_053629155.1	Microbe.1.0
GCF_053629655.1	Microbe.1.0
GCF_053629695.1	Microbe.1.0
GCF_053629715.1	Microbe.1.0
GCF_053629755.1	Microbe.1.0
GCF_054491425.1	Microbe.1.0
GCF_054491445.1	Microbe.1.0
GCF_056114745.1	Microbe.1.0
GCA_000773865.1	Microbe.1.0
GCA_000807315.1	Microbe.1.0
GCA_001038185.1	MIGS.ba.soil.6.0
GCA_001887695.1	MIGS.ba.plant-associated.6.0
GCA_002108935.1	Microbe.1.0
GCA_006539645.1	MIGS.ba.6.0
GCA_009864815.1	Microbe.1.0
GCA_013752735.1	Microbe.1.0
GCA_018130365.1	Microbe.1.0
GCA_018130735.1	Microbe.1.0
GCA_018130795.1	Microbe.1.0
GCA_018130835.1	Microbe.1.0
GCA_018130925.1	Microbe.1.0
GCA_021213785.1	MIGS.ba.plant-associated.6.0
GCA_021261305.1	MIGS.ba.plant-associated.6.0
GCA_021261335.1	MIGS.ba.plant-associated.6.0
GCA_021261355.1	MIGS.ba.plant-associated.6.0
GCA_023277985.1	Microbe.1.0
GCA_023278145.1	Microbe.1.0
GCA_023511055.1	Microbe.1.0
GCA_023511065.1	Microbe.1.0
GCA_024170805.1	MIGS.ba.6.0
GCA_024170825.1	MIGS.ba.6.0
GCA_024170905.1	MIGS.ba.6.0
GCA_024170925.1	MIGS.ba.6.0
GCA_024170945.1	MIGS.ba.6.0
GCA_024170955.1	MIGS.ba.6.0
GCA_024171025.1	MIGS.ba.6.0
GCA_024171065.1	MIGS.ba.6.0
GCA_024171145.1	MIGS.ba.6.0
GCA_024171205.1	MIGS.ba.6.0
GCA_024171265.1	MIGS.ba.6.0
GCA_024171305.1	MIGS.ba.6.0
GCA_024171445.1	MIGS.ba.6.0
GCA_024807115.1	MIGS.ba.6.0
GCA_024807285.1	MIGS.ba.6.0
GCA_024807725.1	MIGS.ba.6.0
GCA_024807735.1	MIGS.ba.6.0
GCA_024807795.1	MIGS.ba.6.0
GCA_024808475.1	MIGS.ba.6.0
GCA_024808485.1	MIGS.ba.6.0
GCA_024808695.1	MIGS.ba.6.0
GCA_024808735.1	MIGS.ba.6.0
GCA_024809275.1	MIGS.ba.6.0
GCA_024809305.1	MIGS.ba.6.0
GCA_024809355.1	MIGS.ba.6.0
GCA_024809455.1	MIGS.ba.6.0
GCA_024809875.1	MIGS.ba.6.0
GCA_025961095.1	MIGS.ba.6.0
GCA_025961545.1	MIGS.ba.6.0
GCA_025961635.1	MIGS.ba.6.0
GCA_029892585.1	MIGS.ba.6.0
GCA_030584745.1	MIGS.ba.plant-associated.6.0
GCA_030584785.1	MIGS.ba.plant-associated.6.0
GCA_030584865.1	MIGS.ba.plant-associated.6.0
GCA_030584905.1	MIGS.ba.plant-associated.6.0
GCA_035091585.1	Microbe.1.0
GCA_035210515.1	Microbe.1.0
GCA_035211935.1	Microbe.1.0
GCA_035213235.1	Microbe.1.0
GCA_035227705.1	Microbe.1.0
GCA_035228805.1	Microbe.1.0
GCA_035229585.1	Microbe.1.0
GCA_035237585.1	Microbe.1.0
GCA_037623475.1	Microbe.1.0
GCA_037623515.1	Microbe.1.0
GCA_040549545.1	Microbe.1.0
GCA_040549565.1	Microbe.1.0
GCA_040549585.1	Microbe.1.0
GCA_040549605.1	Microbe.1.0
GCA_040549645.1	Microbe.1.0
GCA_041260405.1	Microbe.1.0
GCA_041260525.1	Microbe.1.0
GCA_041260885.1	Microbe.1.0
GCA_041261005.1	Microbe.1.0
GCA_041261065.1	Microbe.1.0
GCA_041261285.1	Microbe.1.0
GCA_041261505.1	Microbe.1.0
GCA_041261525.1	Microbe.1.0
GCA_041261545.1	Microbe.1.0
GCA_041261605.1	Microbe.1.0
GCA_041261625.1	Microbe.1.0
GCA_041261825.1	Microbe.1.0
GCA_041261865.1	Microbe.1.0
GCA_041261885.1	Microbe.1.0
GCA_041261985.1	Microbe.1.0
GCA_042137995.2	Microbe.1.0
GCA_044908525.1	Microbe.1.0
GCA_044909155.1	Microbe.1.0
GCA_044909175.1	Microbe.1.0
GCA_044909435.1	Microbe.1.0
GCA_046603655.1	Microbe.1.0
GCA_048833685.1	Microbe.1.0
GCA_050597465.1	Microbe.1.0
GCA_053628635.1	Microbe.1.0
GCA_053628715.1	Microbe.1.0
GCA_053628755.1	Microbe.1.0
GCA_053629155.1	Microbe.1.0
GCA_053629655.1	Microbe.1.0
GCA_053629695.1	Microbe.1.0
GCA_053629715.1	Microbe.1.0
GCA_053629755.1	Microbe.1.0
GCA_054491425.1	Microbe.1.0
GCA_054491445.1	Microbe.1.0
GCA_056114745.1	Microbe.1.0
GCF_000261545.1	Generic.1.0
GCA_000261545.1	Generic.1.0
GCF_000261565.1	Generic.1.0
GCA_000261565.1	Generic.1.0
GCF_000261585.1	Generic.1.0
GCA_000261585.1	Generic.1.0
GCF_000261605.1	Generic.1.0
GCA_000261605.1	Generic.1.0
GCF_000261625.1	Generic.1.0
GCA_000261625.1	Generic.1.0
GCF_000661935.1	Microbe.1.0
GCF_021229285.1	Microbe.1.0
GCA_000661935.1	Microbe.1.0
GCA_021229285.1	Microbe.1.0
GCF_056157705.1	MIGS.ba.plant-associated.6.0
GCF_056157725.1	MIGS.ba.plant-associated.6.0
GCF_056172815.1	MIGS.ba.plant-associated.6.0
GCF_056172825.1	MIGS.ba.plant-associated.6.0
GCF_056230635.1	MIGS.ba.plant-associated.6.0
GCA_056157705.1	MIGS.ba.plant-associated.6.0
GCA_056157725.1	MIGS.ba.plant-associated.6.0
GCA_056172815.1	MIGS.ba.plant-associated.6.0
GCA_056172825.1	MIGS.ba.plant-associated.6.0
GCA_056230635.1	MIGS.ba.plant-associated.6.0
GCF_000482525.1	Generic.1.0
GCF_030584965.1	MIGS.ba.plant-associated.6.0
GCA_000482525.1	Generic.1.0
GCA_030584965.1	MIGS.ba.plant-associated.6.0
GCF_000374205.1	Generic.1.0
GCA_000374205.1	Generic.1.0
GCF_000472945.1	Generic.1.0
GCA_000472945.1	Generic.1.0
GCA_030585025.1	MIGS.ba.plant-associated.6.0
GCF_000472745.1	Generic.1.0
GCF_024808455.1	MIGS.ba.6.0
GCA_000472745.1	Generic.1.0
GCA_024808455.1	MIGS.ba.6.0
GCF_000284375.1	Generic.1.0
GCF_000472985.1	Generic.1.0
GCA_000284375.1	Generic.1.0
GCA_000472985.1	Generic.1.0
GCF_001440395.1	Microbe.1.0
GCF_018130215.1	Microbe.1.0
GCF_018130695.1	Microbe.1.0
GCF_018131115.1	Microbe.1.0
GCA_001440395.1	Microbe.1.0
GCA_018130215.1	Microbe.1.0
GCA_018130695.1	Microbe.1.0
GCA_018131115.1	Microbe.1.0
GCF_001440475.1	Microbe.1.0
GCF_018129385.1	Microbe.1.0
GCF_018131005.1	Microbe.1.0
GCF_900104755.1	MIGS.ba.6.0
GCF_900141755.1	MIGS.ba.6.0
GCF_900142345.1	MIGS.ba.6.0
GCA_001440475.1	Microbe.1.0
GCA_018129385.1	Microbe.1.0
GCA_018131005.1	Microbe.1.0
GCA_900104755.1	MIGS.ba.6.0
GCA_900141755.1	MIGS.ba.6.0
GCA_900142345.1	MIGS.ba.6.0
GCF_054823275.1	Microbe.1.0
GCF_001595995.1	Microbe.1.0
GCF_018129465.1	Microbe.1.0
GCF_018129855.1	Microbe.1.0
GCF_018130035.1	Microbe.1.0
GCF_018130275.1	Microbe.1.0
GCF_018130445.1	Microbe.1.0
GCF_018130525.1	Microbe.1.0
GCF_018130565.1	Microbe.1.0
GCF_018130595.1	Microbe.1.0
GCF_018130685.1	Microbe.1.0
GCF_018130725.1	Microbe.1.0
GCF_018130785.1	Microbe.1.0
GCF_018130825.1	Microbe.1.0
GCF_018130855.1	Microbe.1.0
GCF_018130955.1	Microbe.1.0
GCF_030160735.1	Generic.1.0
GCF_054822925.1	Microbe.1.0
GCF_054822935.1	Microbe.1.0
GCF_054823025.1	Microbe.1.0
GCF_054823205.1	Microbe.1.0
GCF_054823215.1	Microbe.1.0
GCF_054823245.1	Microbe.1.0
GCF_054823305.1	Microbe.1.0
GCF_054823505.1	Microbe.1.0
GCF_054823515.1	Microbe.1.0
GCF_054823545.1	Microbe.1.0
GCF_054823565.1	Microbe.1.0
GCF_977007305.1	Generic.1.0
GCF_977007395.1	Generic.1.0
GCF_977007485.1	Generic.1.0
GCA_001595995.1	Microbe.1.0
GCA_018129465.1	Microbe.1.0
GCA_018129855.1	Microbe.1.0
GCA_018130035.1	Microbe.1.0
GCA_018130275.1	Microbe.1.0
GCA_018130445.1	Microbe.1.0
GCA_018130525.1	Microbe.1.0
GCA_018130565.1	Microbe.1.0
GCA_018130595.1	Microbe.1.0
GCA_018130685.1	Microbe.1.0
GCA_018130725.1	Microbe.1.0
GCA_018130785.1	Microbe.1.0
GCA_018130825.1	Microbe.1.0
GCA_018130855.1	Microbe.1.0
GCA_018130955.1	Microbe.1.0
GCA_030160735.1	Generic.1.0
GCA_054822925.1	Microbe.1.0
GCA_054822935.1	Microbe.1.0
GCA_054823025.1	Microbe.1.0
GCA_054823205.1	Microbe.1.0
GCA_054823215.1	Microbe.1.0
GCA_054823245.1	Microbe.1.0
GCA_054823275.1	Microbe.1.0
GCA_054823305.1	Microbe.1.0
GCA_054823505.1	Microbe.1.0
GCA_054823515.1	Microbe.1.0
GCA_054823545.1	Microbe.1.0
GCA_054823565.1	Microbe.1.0
GCA_977007305.1	Generic.1.0
GCA_977007395.1	Generic.1.0
GCA_977007485.1	Generic.1.0
GCF_000261645.1	Generic.1.0
GCA_000261645.1	Generic.1.0
GCF_000261665.1	Generic.1.0
GCA_000261665.1	Generic.1.0
GCF_054063775.1	Microbe.1.0
GCF_014194605.1	MIGS.ba.6.0
GCF_040939785.1	MIGS.ba.plant-associated.6.0
GCF_042691665.1	Microbe.1.0
GCA_014194605.1	MIGS.ba.6.0
GCA_040939785.1	MIGS.ba.plant-associated.6.0
GCA_042691665.1	Microbe.1.0
GCA_052849615.1	Microbe.1.0
GCA_054063775.1	Microbe.1.0
GCF_000304595.1	Generic.1.0
GCA_000304595.1	Generic.1.0
GCF_001542415.1	Microbe.1.0
GCF_007993935.1	MIGS.ba.6.0
GCA_001542415.1	Microbe.1.0
GCA_007993935.1	MIGS.ba.6.0
GCF_018131105.1	Microbe.1.0
GCF_001440035.1	Microbe.1.0
GCF_018129685.1	Microbe.1.0
GCF_018130615.1	Microbe.1.0
GCF_018130665.1	Microbe.1.0
GCF_018130945.1	Microbe.1.0
GCF_018130985.1	Microbe.1.0
GCA_001440035.1	Microbe.1.0
GCA_018129685.1	Microbe.1.0
GCA_018130615.1	Microbe.1.0
GCA_018130665.1	Microbe.1.0
GCA_018130945.1	Microbe.1.0
GCA_018130985.1	Microbe.1.0
GCA_018131105.1	Microbe.1.0
GCF_001982635.1	MIGS.ba.host-associated.6.0
GCA_001982635.1	MIGS.ba.host-associated.6.0
GCF_021458635.1	MIGS.ba.plant-associated.6.0
GCA_021458635.1	MIGS.ba.plant-associated.6.0
GCF_000472965.1	Generic.1.0
GCA_000472965.1	Generic.1.0
GCF_004114535.1	Microbe.1.0
GCF_004114545.1	Microbe.1.0
GCA_004114535.1	Microbe.1.0
GCA_004114545.1	Microbe.1.0
GCF_001641695.1	Microbe.1.0
GCF_017614905.1	Microbe.1.0
GCA_001641695.1	Microbe.1.0
GCA_017614905.1	Microbe.1.0
GCF_004571025.1	Microbe.1.0
GCF_044909595.1	Microbe.1.0
GCA_004571025.1	Microbe.1.0
GCA_044909595.1	Microbe.1.0
GCF_002776695.1	MIGS.ba.soil.6.0
GCA_002776695.1	MIGS.ba.soil.6.0
GCF_029846695.1	Microbe.1.0
GCF_029846715.1	Microbe.1.0
GCF_029846735.1	Microbe.1.0
GCA_029846695.1	Microbe.1.0
GCA_029846715.1	Microbe.1.0
GCA_029846735.1	Microbe.1.0
GCF_042657625.1	Microbe.1.0
GCF_051167595.1	MIGS.ba.plant-associated.6.0
GCF_051167695.1	MIGS.ba.plant-associated.6.0
GCF_051167735.1	MIGS.ba.plant-associated.6.0
GCF_051167775.1	MIGS.ba.plant-associated.6.0
GCF_051167815.1	MIGS.ba.plant-associated.6.0
GCF_051167835.1	MIGS.ba.plant-associated.6.0
GCF_051167915.1	MIGS.ba.plant-associated.6.0
GCF_051167955.1	MIGS.ba.plant-associated.6.0
GCF_051167975.1	MIGS.ba.plant-associated.6.0
GCF_051168055.1	MIGS.ba.plant-associated.6.0
GCF_051168095.1	MIGS.ba.plant-associated.6.0
GCF_051168115.1	MIGS.ba.plant-associated.6.0
GCF_051168195.1	MIGS.ba.plant-associated.6.0
GCF_051168315.1	MIGS.ba.plant-associated.6.0
GCF_051168475.1	MIGS.ba.plant-associated.6.0
GCF_051168495.1	MIGS.ba.plant-associated.6.0
GCF_051168575.1	MIGS.ba.plant-associated.6.0
GCF_051168615.1	MIGS.ba.plant-associated.6.0
GCF_051168635.1	MIGS.ba.plant-associated.6.0
GCA_042657625.1	Microbe.1.0
GCA_051167595.1	MIGS.ba.plant-associated.6.0
GCA_051167695.1	MIGS.ba.plant-associated.6.0
GCA_051167735.1	MIGS.ba.plant-associated.6.0
GCA_051167775.1	MIGS.ba.plant-associated.6.0
GCA_051167815.1	MIGS.ba.plant-associated.6.0
GCA_051167835.1	MIGS.ba.plant-associated.6.0
GCA_051167915.1	MIGS.ba.plant-associated.6.0
GCA_051167955.1	MIGS.ba.plant-associated.6.0
GCA_051167975.1	MIGS.ba.plant-associated.6.0
GCA_051168055.1	MIGS.ba.plant-associated.6.0
GCA_051168095.1	MIGS.ba.plant-associated.6.0
GCA_051168115.1	MIGS.ba.plant-associated.6.0
GCA_051168195.1	MIGS.ba.plant-associated.6.0
GCA_051168315.1	MIGS.ba.plant-associated.6.0
GCA_051168475.1	MIGS.ba.plant-associated.6.0
GCA_051168495.1	MIGS.ba.plant-associated.6.0
GCA_051168575.1	MIGS.ba.plant-associated.6.0
GCA_051168615.1	MIGS.ba.plant-associated.6.0
GCA_051168635.1	MIGS.ba.plant-associated.6.0
GCF_000344805.1	Generic.1.0
GCF_050641875.1	Microbe.1.0
GCA_000344805.1	Generic.1.0
GCA_050641875.1	Microbe.1.0
GCF_021088345.1	Microbe.1.0
GCA_021088345.1	Microbe.1.0
GCF_020889685.1	Microbe.1.0
GCF_055413645.1	Microbe.1.0
GCA_020889685.1	Microbe.1.0
GCA_055413645.1	Microbe.1.0
GCF_002278135.3	Microbe.1.0
GCF_002532025.1	MIGS.ba.plant-associated.6.0
GCF_009176665.1	MIGS.ba.plant-associated.6.0
GCF_018130265.1	Microbe.1.0
GCF_018130405.1	Microbe.1.0
GCF_018130425.1	Microbe.1.0
GCF_018131235.1	Microbe.1.0
GCF_025962335.1	MIGS.ba.6.0
GCF_030584805.1	MIGS.ba.plant-associated.6.0
GCF_034562915.1	MIGS.ba.plant-associated.6.0
GCF_036248005.1	Generic.1.0
GCF_036248025.1	Generic.1.0
GCF_036248045.1	Generic.1.0
GCF_036248065.1	Generic.1.0
GCF_036248085.1	Generic.1.0
GCF_036248105.1	Generic.1.0
GCF_036248125.1	Generic.1.0
GCF_036248145.1	Generic.1.0
GCF_036248165.1	Generic.1.0
GCF_036248185.1	Generic.1.0
GCF_037997155.1	Microbe.1.0
GCF_038449185.1	Microbe.1.0
GCF_038449195.1	Microbe.1.0
GCF_040544295.1	Microbe.1.0
GCF_040544315.1	Microbe.1.0
GCF_040549625.1	Microbe.1.0
GCF_040549665.1	Microbe.1.0
GCF_041260325.1	Microbe.1.0
GCF_041260445.1	Microbe.1.0
GCF_041260485.1	Microbe.1.0
GCF_041260905.1	Microbe.1.0
GCF_041260965.1	Microbe.1.0
GCF_041261105.1	Microbe.1.0
GCF_041261145.1	Microbe.1.0
GCF_041261365.1	Microbe.1.0
GCF_041261705.1	Microbe.1.0
GCF_041261765.1	Microbe.1.0
GCF_041261805.1	Microbe.1.0
GCF_041261925.1	Microbe.1.0
GCF_041261945.1	Microbe.1.0
GCF_041262105.1	Microbe.1.0
GCF_041262285.1	Microbe.1.0
GCF_041262425.1	Microbe.1.0
GCF_041262465.1	Microbe.1.0
GCF_044909195.1	Microbe.1.0
GCF_044909495.1	Microbe.1.0
GCF_044909505.1	Microbe.1.0
GCF_044909535.1	Microbe.1.0
GCF_044909555.1	Microbe.1.0
GCF_044909575.1	Microbe.1.0
GCF_044909675.1	Microbe.1.0
GCF_052180175.1	Microbe.1.0
GCF_053628975.1	Microbe.1.0
GCF_053629275.1	Microbe.1.0
GCF_053629395.1	Microbe.1.0
GCF_054052185.1	Microbe.1.0
GCF_054768255.1	Generic.1.0
GCF_054822005.1	Microbe.1.0
GCF_054823185.1	Microbe.1.0
GCF_055698875.1	Microbe.1.0
GCF_057220295.1	Microbe.1.0
GCF_057220355.1	Microbe.1.0
GCF_057220365.1	Microbe.1.0
GCF_900099825.1	MIGS.ba.6.0
GCA_002278135.3	Microbe.1.0
GCA_002532025.1	MIGS.ba.plant-associated.6.0
GCA_009176665.1	MIGS.ba.plant-associated.6.0
GCA_018130265.1	Microbe.1.0
GCA_018130405.1	Microbe.1.0
GCA_018130425.1	Microbe.1.0
GCA_018131235.1	Microbe.1.0
GCA_025961105.1	MIGS.ba.6.0
GCA_025962315.1	MIGS.ba.6.0
GCA_025962325.1	MIGS.ba.6.0
GCA_025962335.1	MIGS.ba.6.0
GCA_025962375.1	MIGS.ba.6.0
GCA_025962395.1	MIGS.ba.6.0
GCA_030584805.1	MIGS.ba.plant-associated.6.0
GCA_034562915.1	MIGS.ba.plant-associated.6.0
GCA_036248005.1	Generic.1.0
GCA_036248025.1	Generic.1.0
GCA_036248045.1	Generic.1.0
GCA_036248065.1	Generic.1.0
GCA_036248085.1	Generic.1.0
GCA_036248105.1	Generic.1.0
GCA_036248125.1	Generic.1.0
GCA_036248145.1	Generic.1.0
GCA_036248165.1	Generic.1.0
GCA_036248185.1	Generic.1.0
GCA_037997155.1	Microbe.1.0
GCA_038449185.1	Microbe.1.0
GCA_038449195.1	Microbe.1.0
GCA_040544295.1	Microbe.1.0
GCA_040544315.1	Microbe.1.0
GCA_040549625.1	Microbe.1.0
GCA_040549665.1	Microbe.1.0
GCA_041260325.1	Microbe.1.0
GCA_041260445.1	Microbe.1.0
GCA_041260485.1	Microbe.1.0
GCA_041260905.1	Microbe.1.0
GCA_041260965.1	Microbe.1.0
GCA_041261105.1	Microbe.1.0
GCA_041261145.1	Microbe.1.0
GCA_041261365.1	Microbe.1.0
GCA_041261705.1	Microbe.1.0
GCA_041261765.1	Microbe.1.0
GCA_041261805.1	Microbe.1.0
GCA_041261925.1	Microbe.1.0
GCA_041261945.1	Microbe.1.0
GCA_041262105.1	Microbe.1.0
GCA_041262285.1	Microbe.1.0
GCA_041262425.1	Microbe.1.0
GCA_041262465.1	Microbe.1.0
GCA_044909195.1	Microbe.1.0
GCA_044909495.1	Microbe.1.0
GCA_044909505.1	Microbe.1.0
GCA_044909535.1	Microbe.1.0
GCA_044909555.1	Microbe.1.0
GCA_044909575.1	Microbe.1.0
GCA_044909675.1	Microbe.1.0
GCA_052180175.1	Microbe.1.0
GCA_053628975.1	Microbe.1.0
GCA_053629275.1	Microbe.1.0
GCA_053629395.1	Microbe.1.0
GCA_054052185.1	Microbe.1.0
GCA_054768255.1	Generic.1.0
GCA_054822005.1	Microbe.1.0
GCA_054823185.1	Microbe.1.0
GCA_055698875.1	Microbe.1.0
GCA_057220295.1	Microbe.1.0
GCA_057220355.1	Microbe.1.0
GCA_057220365.1	Microbe.1.0
GCA_900099825.1	MIGS.ba.6.0
GCF_000472725.1	Generic.1.0
GCA_000472725.1	Generic.1.0
GCA_024170865.1	MIGS.ba.6.0
GCF_029714545.1	Microbe.1.0
GCF_001189245.1	MIGS.ba.host-associated.6.0
GCF_001440015.1	Microbe.1.0
GCF_009759865.1	Microbe.1.0
GCF_050613225.1	Microbe.1.0
GCA_001189245.1	MIGS.ba.host-associated.6.0
GCA_001440015.1	Microbe.1.0
GCA_009759865.1	Microbe.1.0
GCA_029714545.1	Microbe.1.0
GCA_050613225.1	Microbe.1.0
GCF_001693515.2	Microbe.1.0
GCA_001693515.2	Microbe.1.0
GCF_032397745.1	MIGS.ba.microbial.6.0
GCA_032397745.1	MIGS.ba.microbial.6.0
GCF_017493175.3	Microbe.1.0
GCF_013373795.3	Microbe.1.0
GCA_013373795.3	Microbe.1.0
GCA_017493175.3	Microbe.1.0
GCF_001440415.1	Microbe.1.0
GCA_001440415.1	Microbe.1.0
GCF_008123425.1	MIGS.ba.plant-associated.6.0
GCA_008123425.1	MIGS.ba.plant-associated.6.0
GCF_030413175.1	MIGS.ba.sediment.6.0
GCA_030413175.1	MIGS.ba.sediment.6.0
GCF_007828095.1	MIGS.ba.6.0
GCF_002068095.1	Microbe.1.0
GCF_007828015.1	MIGS.ba.6.0
GCA_002068095.1	Microbe.1.0
GCA_007828015.1	MIGS.ba.6.0
GCA_007828095.1	MIGS.ba.6.0
GCF_018736085.1	Microbe.1.0
GCF_018736105.1	Microbe.1.0
GCF_018736125.1	Microbe.1.0
GCA_018736085.1	Microbe.1.0
GCA_018736105.1	Microbe.1.0
GCA_018736125.1	Microbe.1.0
GCF_020329505.1	Microbe.1.0
GCA_020329505.1	Microbe.1.0
GCF_011516645.4	Microbe.1.0
GCF_013373785.3	Microbe.1.0
GCF_037216975.1	Microbe.1.0
GCF_037217215.1	Microbe.1.0
GCA_011516645.4	Microbe.1.0
GCA_013373785.3	Microbe.1.0
GCA_037216975.1	Microbe.1.0
GCA_037217215.1	Microbe.1.0
GCF_900094605.1	MIGS.ba.6.0
GCA_900094605.1	MIGS.ba.6.0
GCF_004799405.1	MIMAG.soil.6.0
GCF_004799445.1	MIMAG.soil.6.0
GCF_016213215.1	MIMAG.water.6.0
GCF_016219575.1	MIMAG.water.6.0
GCF_016462955.1	MIMAG.water.6.0
GCF_017881085.1	MIMAG.soil.6.0
GCF_019242285.1	MIMAG.plant-associated.6.0
GCF_019244115.1	MIMAG.plant-associated.6.0
GCF_019247825.1	MIMAG.plant-associated.6.0
GCF_020252445.1	MIMAG.water.6.0
GCF_020252455.1	MIMAG.water.6.0
GCF_022843365.1	MIMAG.microbial.6.0
GCF_022844465.1	MIMAG.microbial.6.0
GCF_027307225.1	MIMAG.soil.6.0
GCF_027451485.1	MIMAG.sediment.6.0
GCF_028866295.1	MIMAG.water.6.0
GCF_028868675.1	MIMAG.water.6.0
GCF_028869075.1	MIMAG.water.6.0
GCF_028872135.1	MIMAG.water.6.0
GCF_030646015.1	MIMAG.water.6.0
GCF_030654605.1	MIMAG.water.6.0
GCF_030681415.1	MIMAG.water.6.0
GCF_030693485.1	MIMAG.water.6.0
GCF_030697065.1	MIMAG.water.6.0
GCF_032474435.1	MIMAG.human-gut.6.0
GCF_032474735.1	MIMAG.human-gut.6.0
GCF_032476235.1	MIMAG.human-gut.6.0
GCF_032485715.1	MIMAG.human-gut.6.0
GCF_032486215.1	MIMAG.human-gut.6.0
GCF_032487015.1	MIMAG.human-gut.6.0
GCF_032487415.1	MIMAG.human-gut.6.0
GCF_032563275.1	MIMAG.human-gut.6.0
GCF_032563695.1	MIMAG.human-gut.6.0
GCF_032564235.1	MIMAG.human-gut.6.0
GCF_032565015.1	MIMAG.human-gut.6.0
GCF_032566575.1	MIMAG.human-gut.6.0
GCF_032567255.1	MIMAG.human-gut.6.0
GCF_032568985.1	MIMAG.human-gut.6.0
GCF_032570695.1	MIMAG.human-gut.6.0
GCF_033795385.1	MIMAG.soil.6.0
GCF_035273305.1	MIMAG.soil.6.0
GCF_035309285.1	MIMAG.soil.6.0
GCF_035325405.1	MIMAG.wastewater.6.0
GCF_035484855.1	MIMAG.soil.6.0
GCF_035566995.1	MIMAG.soil.6.0
GCF_035570375.1	MIMAG.soil.6.0
GCF_035652035.1	MIMAG.soil.6.0
GCF_035701725.1	MIMAG.soil.6.0
GCF_035935975.1	MIMAG.soil.6.0
GCF_036009065.1	MIMAG.soil.6.0
GCF_036735945.1	MIMAG.6.0
GCF_041694395.1	MIMAG.6.0
GCF_041855845.1	MIMAG.food-animal.6.0
GCF_046299935.1	MIMAG.water.6.0
GCF_046300275.1	MIMAG.water.6.0
GCF_046301035.1	MIMAG.water.6.0
GCF_046301235.1	MIMAG.water.6.0
GCF_046301655.1	MIMAG.water.6.0
GCF_046301675.1	MIMAG.water.6.0
GCF_046302195.1	MIMAG.water.6.0
GCF_046303255.1	MIMAG.water.6.0
GCF_046303755.1	MIMAG.water.6.0
GCF_046304255.1	MIMAG.water.6.0
GCF_046304575.1	MIMAG.water.6.0
GCF_046304655.1	MIMAG.water.6.0
GCF_046305335.1	MIMAG.water.6.0
GCF_046305495.1	MIMAG.water.6.0
GCF_047605465.1	MIMAG.plant-associated.6.0
GCF_047620845.1	MIMAG.6.0
GCF_049285155.1	MIMAG.6.0
GCF_049288435.1	MIMAG.6.0
GCF_049323055.1	MIMAG.microbial.6.0
GCF_049512235.1	MIMAG.soil.6.0
GCF_049519115.1	MIMAG.soil.6.0
GCF_049577825.1	MIMAG.6.0
GCF_049580085.1	MIMAG.6.0
GCF_049581145.1	MIMAG.6.0
GCF_049586575.1	MIMAG.6.0
GCF_049589075.1	MIMAG.6.0
GCF_049674045.1	MIMAG.6.0
GCF_049674785.1	MIMAG.6.0
GCF_049691595.1	MIMAG.6.0
GCF_049693255.1	MIMAG.6.0
GCF_049696275.1	MIMAG.6.0
GCF_049793555.1	MIMAG.6.0
GCF_049798335.1	MIMAG.6.0
GCF_049798375.1	MIMAG.6.0
GCF_049800515.1	MIMAG.6.0
GCF_050014615.1	MIMAG.soil.6.0
GCF_050182585.1	MIMAG.6.0
GCF_050247095.1	MIMAG.6.0
GCF_052389815.1	MIMAG.6.0
GCF_054636775.1	MIMAG.6.0
GCF_055613785.1	MIMAG.soil.6.0
GCF_055613855.1	MIMAG.soil.6.0
GCF_055613975.1	MIMAG.soil.6.0
GCF_056339975.1	MIMAG.6.0
GCF_057019815.1	MIMAG.soil.6.0
GCF_057316075.1	MIMAG.human-oral.6.0
GCF_058126115.1	MIMAG.water.6.0
GCF_059502245.1	MIMAG.soil.6.0
GCF_059503085.1	MIMAG.soil.6.0
GCF_900011245.1	Generic.1.0
GCF_986132105.1	Generic.1.0
GCA_003476535.1	Microbe.1.0
GCA_003476565.1	Microbe.1.0
GCA_003476985.1	Microbe.1.0
GCA_003512085.1	Microbe.1.0
GCA_004799405.1	MIMAG.soil.6.0
GCA_004799435.1	MIMAG.soil.6.0
GCA_004799445.1	MIMAG.soil.6.0
GCA_013361965.1	MIMAG.soil.6.0
GCA_013695565.1	MIMAG.soil.6.0
GCA_013822885.1	MIGS.ba.water.6.0
GCA_016213215.1	MIMAG.water.6.0
GCA_016219575.1	MIMAG.water.6.0
GCA_016462955.1	MIMAG.water.6.0
GCA_017849515.1	MIMAG.wastewater.6.0
GCA_017881085.1	MIMAG.soil.6.0
GCA_018971675.1	MIMAG.water.6.0
GCA_019232395.1	MIMAG.plant-associated.6.0
GCA_019242075.1	MIMAG.plant-associated.6.0
GCA_019242285.1	MIMAG.plant-associated.6.0
GCA_019243075.1	MIMAG.plant-associated.6.0
GCA_019244115.1	MIMAG.plant-associated.6.0
GCA_019244325.1	MIMAG.plant-associated.6.0
GCA_019247825.1	MIMAG.plant-associated.6.0
GCA_019509805.1	MIMAG.soil.6.0
GCA_019510065.1	MIMAG.soil.6.0
GCA_020252445.1	MIMAG.water.6.0
GCA_020252455.1	MIMAG.water.6.0
GCA_020350345.1	Microbe.1.0
GCA_021153675.1	Microbe.1.0
GCA_021732175.1	MIMAG.water.6.0
GCA_022843365.1	MIMAG.microbial.6.0
GCA_022844465.1	MIMAG.microbial.6.0
GCA_024231615.1	Microbe.1.0
GCA_025936355.1	MIMAG.6.0
GCA_025936395.1	MIMAG.6.0
GCA_025960445.1	MIMAG.6.0
GCA_026125985.1	Microbe.1.0
GCA_026225025.1	MIMAG.plant-associated.6.0
GCA_027307225.1	MIMAG.soil.6.0
GCA_027430895.1	MIMAG.sediment.6.0
GCA_027430915.1	MIMAG.sediment.6.0
GCA_027430935.1	MIMAG.sediment.6.0
GCA_027430955.1	MIMAG.sediment.6.0
GCA_027430975.1	MIMAG.sediment.6.0
GCA_027451485.1	MIMAG.sediment.6.0
GCA_028290165.1	Microbe.1.0
GCA_028290305.1	Microbe.1.0
GCA_028290585.1	Microbe.1.0
GCA_028865105.1	MIMAG.water.6.0
GCA_028866295.1	MIMAG.water.6.0
GCA_028868675.1	MIMAG.water.6.0
GCA_028869075.1	MIMAG.water.6.0
GCA_028869655.1	MIMAG.water.6.0
GCA_028870055.1	MIMAG.water.6.0
GCA_028870895.1	MIMAG.water.6.0
GCA_028872135.1	MIMAG.water.6.0
GCA_030150345.1	MIMAG.soil.6.0
GCA_030151605.1	MIMAG.soil.6.0
GCA_030626485.1	MIMAG.sediment.6.0
GCA_030646015.1	MIMAG.water.6.0
GCA_030653055.1	MIMAG.water.6.0
GCA_030654605.1	MIMAG.water.6.0
GCA_030655565.1	MIMAG.water.6.0
GCA_030679815.1	MIMAG.water.6.0
GCA_030681365.1	MIMAG.water.6.0
GCA_030681415.1	MIMAG.water.6.0
GCA_030693485.1	MIMAG.water.6.0
GCA_030697065.1	MIMAG.water.6.0
GCA_031291485.1	MIMAG.6.0
GCA_031367195.1	MIMAG.sediment.6.0
GCA_032470795.1	MIMAG.human-gut.6.0
GCA_032474435.1	MIMAG.human-gut.6.0
GCA_032474735.1	MIMAG.human-gut.6.0
GCA_032475555.1	MIMAG.human-gut.6.0
GCA_032475895.1	MIMAG.human-gut.6.0
GCA_032476235.1	MIMAG.human-gut.6.0
GCA_032485715.1	MIMAG.human-gut.6.0
GCA_032486215.1	MIMAG.human-gut.6.0
GCA_032486755.1	MIMAG.human-gut.6.0
GCA_032487015.1	MIMAG.human-gut.6.0
GCA_032487415.1	MIMAG.human-gut.6.0
GCA_032563275.1	MIMAG.human-gut.6.0
GCA_032563695.1	MIMAG.human-gut.6.0
GCA_032564235.1	MIMAG.human-gut.6.0
GCA_032564835.1	MIMAG.human-gut.6.0
GCA_032565015.1	MIMAG.human-gut.6.0
GCA_032565655.1	MIMAG.human-gut.6.0
GCA_032565875.1	MIMAG.human-gut.6.0
GCA_032566575.1	MIMAG.human-gut.6.0
GCA_032567255.1	MIMAG.human-gut.6.0
GCA_032568155.1	MIMAG.human-gut.6.0
GCA_032568475.1	MIMAG.human-gut.6.0
GCA_032568985.1	MIMAG.human-gut.6.0
GCA_032569235.1	MIMAG.human-gut.6.0
GCA_032570165.1	MIMAG.human-gut.6.0
GCA_032570695.1	MIMAG.human-gut.6.0
GCA_032571055.1	MIMAG.human-gut.6.0
GCA_033795385.1	MIMAG.soil.6.0
GCA_034669205.1	Microbe.1.0
GCA_034669225.1	Microbe.1.0
GCA_034669245.1	Microbe.1.0
GCA_034669265.1	Microbe.1.0
GCA_034669285.1	Microbe.1.0
GCA_034669305.1	Microbe.1.0
GCA_034669345.1	Microbe.1.0
GCA_034669365.1	Microbe.1.0
GCA_034669385.1	Microbe.1.0
GCA_034669405.1	Microbe.1.0
GCA_034669425.1	Microbe.1.0
GCA_034669445.1	Microbe.1.0
GCA_034669465.1	Microbe.1.0
GCA_035258325.1	MIMAG.soil.6.0
GCA_035264965.1	MIMAG.soil.6.0
GCA_035273305.1	MIMAG.soil.6.0
GCA_035277285.1	MIMAG.soil.6.0
GCA_035278345.1	MIMAG.soil.6.0
GCA_035293585.1	MIMAG.soil.6.0
GCA_035295025.1	MIMAG.soil.6.0
GCA_035308285.1	MIMAG.soil.6.0
GCA_035309285.1	MIMAG.soil.6.0
GCA_035317645.1	MIMAG.soil.6.0
GCA_035317665.1	MIMAG.soil.6.0
GCA_035317685.1	MIMAG.soil.6.0
GCA_035317745.1	MIMAG.soil.6.0
GCA_035317835.1	MIMAG.soil.6.0
GCA_035325405.1	MIMAG.wastewater.6.0
GCA_035482015.1	MIMAG.soil.6.0
GCA_035483915.1	MIMAG.soil.6.0
GCA_035484855.1	MIMAG.soil.6.0
GCA_035487555.1	MIMAG.soil.6.0
GCA_035489795.1	MIMAG.soil.6.0
GCA_035490015.1	MIMAG.soil.6.0
GCA_035490095.1	MIMAG.soil.6.0
GCA_035490115.1	MIMAG.soil.6.0
GCA_035498775.1	MIMAG.soil.6.0
GCA_035524175.1	MIMAG.soil.6.0
GCA_035535695.1	MIMAG.soil.6.0
GCA_035538775.1	MIMAG.soil.6.0
GCA_035544035.1	MIMAG.soil.6.0
GCA_035547995.1	MIMAG.soil.6.0
GCA_035555355.1	MIMAG.soil.6.0
GCA_035558295.1	MIMAG.soil.6.0
GCA_035566795.1	MIMAG.soil.6.0
GCA_035566995.1	MIMAG.soil.6.0
GCA_035567775.1	MIMAG.soil.6.0
GCA_035568535.1	MIMAG.soil.6.0
GCA_035570375.1	MIMAG.soil.6.0
GCA_035575905.1	MIMAG.soil.6.0
GCA_035575945.1	MIMAG.soil.6.0
GCA_035601375.1	MIMAG.soil.6.0
GCA_035601555.1	MIMAG.soil.6.0
GCA_035602495.1	MIMAG.soil.6.0
GCA_035603875.1	MIMAG.soil.6.0
GCA_035604015.1	MIMAG.soil.6.0
GCA_035629815.1	MIMAG.soil.6.0
GCA_035636175.1	MIMAG.soil.6.0
GCA_035639035.1	MIMAG.soil.6.0
GCA_035643075.1	MIMAG.soil.6.0
GCA_035644295.1	MIMAG.soil.6.0
GCA_035652015.1	MIMAG.soil.6.0
GCA_035652035.1	MIMAG.soil.6.0
GCA_035688545.1	MIMAG.soil.6.0
GCA_035693465.1	MIMAG.soil.6.0
GCA_035695385.1	MIMAG.soil.6.0
GCA_035701725.1	MIMAG.soil.6.0
GCA_035714265.1	MIMAG.soil.6.0
GCA_035714325.1	MIMAG.soil.6.0
GCA_035719885.1	MIMAG.soil.6.0
GCA_035935975.1	MIMAG.soil.6.0
GCA_035949555.1	MIMAG.soil.6.0
GCA_035995625.1	MIMAG.soil.6.0
GCA_035995945.1	MIMAG.soil.6.0
GCA_035998015.1	MIMAG.soil.6.0
GCA_036008505.1	MIMAG.soil.6.0
GCA_036009065.1	MIMAG.soil.6.0
GCA_036258215.1	MIMAG.soil.6.0
GCA_036263175.1	MIMAG.soil.6.0
GCA_036266415.1	MIMAG.soil.6.0
GCA_036273255.1	MIMAG.soil.6.0
GCA_036383375.1	MIMAG.soil.6.0
GCA_036385675.1	MIMAG.soil.6.0
GCA_036390315.1	MIMAG.soil.6.0
GCA_036393755.1	MIMAG.soil.6.0
GCA_036394295.1	MIMAG.soil.6.0
GCA_036394735.1	MIMAG.soil.6.0
GCA_036401355.1	MIMAG.soil.6.0
GCA_036406295.1	MIMAG.soil.6.0
GCA_036497145.1	MIMAG.soil.6.0
GCA_036497205.1	MIMAG.soil.6.0
GCA_036501115.1	MIMAG.soil.6.0
GCA_036501915.1	MIMAG.soil.6.0
GCA_036502725.1	MIMAG.soil.6.0
GCA_036506295.1	MIMAG.soil.6.0
GCA_036511315.1	MIMAG.soil.6.0
GCA_036512795.1	MIMAG.soil.6.0
GCA_036513695.1	MIMAG.soil.6.0
GCA_036554215.1	MIMAG.soil.6.0
GCA_036565985.1	MIMAG.soil.6.0
GCA_036721875.1	MIMAG.6.0
GCA_036735945.1	MIMAG.6.0
GCA_036768605.1	MIMAG.6.0
GCA_037201505.1	MIMAG.soil.6.0
GCA_039649085.1	MIMAG.soil.6.0
GCA_039649215.1	MIMAG.soil.6.0
GCA_039922595.1	MIMAG.soil.6.0
GCA_039922755.1	MIMAG.soil.6.0
GCA_039932655.1	MIMAG.soil.6.0
GCA_039935075.1	MIMAG.soil.6.0
GCA_039935515.1	MIMAG.soil.6.0
GCA_040004195.1	MIMAG.soil.6.0
GCA_040392305.1	MIMAG.host-associated.6.0
GCA_040511085.1	MIMAG.soil.6.0
GCA_041479115.1	MIMAG.sediment.6.0
GCA_041490045.1	MIMAG.sediment.6.0
GCA_041495185.1	MIMAG.sediment.6.0
GCA_041498605.1	MIMAG.sediment.6.0
GCA_041694395.1	MIMAG.6.0
GCA_041855845.1	MIMAG.food-animal.6.0
GCA_043722155.1	MIMAG.6.0
GCA_043758695.1	MIMAG.6.0
GCA_043779925.1	MIMAG.6.0
GCA_043782775.1	MIMAG.6.0
GCA_043783805.1	MIMAG.6.0
GCA_045811565.1	MIMAG.soil.6.0
GCA_045811625.1	MIMAG.soil.6.0
GCA_045811645.1	MIMAG.soil.6.0
GCA_045811665.1	MIMAG.soil.6.0
GCA_045811685.1	MIMAG.soil.6.0
GCA_046299935.1	MIMAG.water.6.0
GCA_046300275.1	MIMAG.water.6.0
GCA_046301035.1	MIMAG.water.6.0
GCA_046301235.1	MIMAG.water.6.0
GCA_046301655.1	MIMAG.water.6.0
GCA_046301675.1	MIMAG.water.6.0
GCA_046302195.1	MIMAG.water.6.0
GCA_046303255.1	MIMAG.water.6.0
GCA_046303755.1	MIMAG.water.6.0
GCA_046304255.1	MIMAG.water.6.0
GCA_046304575.1	MIMAG.water.6.0
GCA_046304655.1	MIMAG.water.6.0
GCA_046305135.1	MIMAG.water.6.0
GCA_046305335.1	MIMAG.water.6.0
GCA_046305495.1	MIMAG.water.6.0
GCA_046349015.1	MIMAG.wastewater.6.0
GCA_046590305.1	MIMAG.soil.6.0
GCA_047605465.1	MIMAG.plant-associated.6.0
GCA_047620845.1	MIMAG.6.0
GCA_047621665.1	MIMAG.6.0
GCA_049278635.1	MIMAG.6.0
GCA_049280675.1	MIMAG.6.0
GCA_049280775.1	MIMAG.6.0
GCA_049285155.1	MIMAG.6.0
GCA_049286845.1	MIMAG.6.0
GCA_049288435.1	MIMAG.6.0
GCA_049323055.1	MIMAG.microbial.6.0
GCA_049509335.1	MIMAG.soil.6.0
GCA_049512235.1	MIMAG.soil.6.0
GCA_049519115.1	MIMAG.soil.6.0
GCA_049577825.1	MIMAG.6.0
GCA_049580085.1	MIMAG.6.0
GCA_049581005.1	MIMAG.6.0
GCA_049581145.1	MIMAG.6.0
GCA_049582165.1	MIMAG.6.0
GCA_049582465.1	MIMAG.6.0
GCA_049583995.1	MIMAG.6.0
GCA_049586575.1	MIMAG.6.0
GCA_049587575.1	MIMAG.6.0
GCA_049588595.1	MIMAG.6.0
GCA_049589075.1	MIMAG.6.0
GCA_049592975.1	MIMAG.6.0
GCA_049673865.1	MIMAG.6.0
GCA_049674045.1	MIMAG.6.0
GCA_049674245.1	MIMAG.6.0
GCA_049674785.1	MIMAG.6.0
GCA_049675985.1	MIMAG.6.0
GCA_049679005.1	MIMAG.6.0
GCA_049679685.1	MIMAG.6.0
GCA_049680025.1	MIMAG.6.0
GCA_049691595.1	MIMAG.6.0
GCA_049693255.1	MIMAG.6.0
GCA_049696275.1	MIMAG.6.0
GCA_049697475.1	MIMAG.6.0
GCA_049793555.1	MIMAG.6.0
GCA_049794255.1	MIMAG.6.0
GCA_049794375.1	MIMAG.6.0
GCA_049795095.1	MIMAG.6.0
GCA_049798335.1	MIMAG.6.0
GCA_049798375.1	MIMAG.6.0
GCA_049799375.1	MIMAG.6.0
GCA_049800515.1	MIMAG.6.0
GCA_049802835.1	MIMAG.6.0
GCA_049803135.1	MIMAG.6.0
GCA_050014615.1	MIMAG.soil.6.0
GCA_050182585.1	MIMAG.6.0
GCA_050247095.1	MIMAG.6.0
GCA_050725935.1	MIMAG.microbial.6.0
GCA_050725975.1	MIMAG.microbial.6.0
GCA_050725995.1	MIMAG.microbial.6.0
GCA_050726015.1	MIMAG.microbial.6.0
GCA_050726035.1	MIMAG.microbial.6.0
GCA_050726075.1	MIMAG.microbial.6.0
GCA_050726095.1	MIMAG.microbial.6.0
GCA_050726135.1	MIMAG.microbial.6.0
GCA_050726155.1	MIMAG.microbial.6.0
GCA_051658985.1	MIMAG.host-associated.6.0
GCA_051890675.1	MIMAG.host-associated.6.0
GCA_052143915.1	MIMAG.soil.6.0
GCA_052389815.1	MIMAG.6.0
GCA_054319335.1	MIMAG.soil.6.0
GCA_054636775.1	MIMAG.6.0
GCA_054927135.1	MIMAG.soil.6.0
GCA_054927155.1	MIMAG.soil.6.0
GCA_054927175.1	MIMAG.soil.6.0
GCA_055613785.1	MIMAG.soil.6.0
GCA_055613855.1	MIMAG.soil.6.0
GCA_055613895.1	MIMAG.soil.6.0
GCA_055613975.1	MIMAG.soil.6.0
GCA_055647745.1	MIMAG.soil.6.0
GCA_055650945.1	MIMAG.soil.6.0
GCA_055652065.1	MIMAG.soil.6.0
GCA_055652965.1	MIMAG.soil.6.0
GCA_055658185.1	MIMAG.soil.6.0
GCA_056339975.1	MIMAG.6.0
GCA_057004885.1	MIMAG.soil.6.0
GCA_057019815.1	MIMAG.soil.6.0
GCA_057021115.1	MIMAG.soil.6.0
GCA_057198305.1	MIMAG.soil.6.0
GCA_057316075.1	MIMAG.human-oral.6.0
GCA_058126115.1	MIMAG.water.6.0
GCA_059413065.1	Microbe.1.0
GCA_059499585.1	MIMAG.soil.6.0
GCA_059502245.1	MIMAG.soil.6.0
GCA_059503085.1	MIMAG.soil.6.0
GCA_900011245.1	Generic.1.0
GCA_964689585.1	Generic.1.0
GCA_964974255.1	Generic.1.0
GCA_982386455.1	Generic.1.0
GCA_986132105.1	Generic.1.0
GCF_023073315.1	Microbe.1.0
GCA_023073315.1	Microbe.1.0
GCF_011602485.2	Microbe.1.0
GCA_011602485.2	Microbe.1.0
GCF_051411095.1	Microbe.1.0
GCA_051411095.1	Microbe.1.0
GCA_052050015.1	Microbe.1.0
GCF_052075915.1	Microbe.1.0
GCA_052075915.1	Microbe.1.0
GCF_052075925.1	Microbe.1.0
GCA_052075925.1	Microbe.1.0
GCF_023101125.1	Microbe.1.0
GCA_023101125.1	Microbe.1.0
GCF_023074185.1	Microbe.1.0
GCA_023074185.1	Microbe.1.0
GCF_023074155.1	Microbe.1.0
GCA_023074155.1	Microbe.1.0
GCF_023074115.1	Microbe.1.0
GCA_023074115.1	Microbe.1.0
GCF_023074135.1	Microbe.1.0
GCA_023074135.1	Microbe.1.0
GCF_023074095.1	Microbe.1.0
GCA_023074095.1	Microbe.1.0
GCF_023074075.1	Microbe.1.0
GCA_023074075.1	Microbe.1.0
GCF_023074175.1	Microbe.1.0
GCA_023074175.1	Microbe.1.0
GCA_052047415.1	Microbe.1.0
GCF_023074055.1	Microbe.1.0
GCA_023074055.1	Microbe.1.0
GCF_023074015.1	Microbe.1.0
GCA_023074015.1	Microbe.1.0
GCF_023074035.1	Microbe.1.0
GCA_023074035.1	Microbe.1.0
GCF_023073995.1	Microbe.1.0
GCA_023073995.1	Microbe.1.0
GCF_023073955.1	Microbe.1.0
GCA_023073955.1	Microbe.1.0
GCF_023073965.1	Microbe.1.0
GCA_023073965.1	Microbe.1.0
GCF_023073935.1	Microbe.1.0
GCA_023073935.1	Microbe.1.0
GCF_023073915.1	Microbe.1.0
GCA_023073915.1	Microbe.1.0
GCF_054185205.1	Microbe.1.0
GCA_054185205.1	Microbe.1.0
GCF_023072905.1	Microbe.1.0
GCA_023072905.1	Microbe.1.0
GCF_023073895.1	Microbe.1.0
GCA_023073895.1	Microbe.1.0
GCF_023073845.1	Microbe.1.0
GCA_023073845.1	Microbe.1.0
GCF_023073835.1	Microbe.1.0
GCA_023073835.1	Microbe.1.0
GCF_023073875.1	Microbe.1.0
GCA_023073875.1	Microbe.1.0
GCF_023101105.1	Microbe.1.0
GCA_023101105.1	Microbe.1.0
GCF_023072835.1	Microbe.1.0
GCA_023072835.1	Microbe.1.0
GCF_023073815.1	Microbe.1.0
GCA_023073815.1	Microbe.1.0
GCF_023073795.1	Microbe.1.0
GCA_023073795.1	Microbe.1.0
GCF_023073735.1	Microbe.1.0
GCA_023073735.1	Microbe.1.0
GCF_023073775.1	Microbe.1.0
GCA_023073775.1	Microbe.1.0
GCF_023073755.1	Microbe.1.0
GCA_023073755.1	Microbe.1.0
GCF_023073715.1	Microbe.1.0
GCA_023073715.1	Microbe.1.0
GCF_023073695.1	Microbe.1.0
GCA_023073695.1	Microbe.1.0
GCF_023073655.1	Microbe.1.0
GCA_023073655.1	Microbe.1.0
GCF_023073675.1	Microbe.1.0
GCA_023073675.1	Microbe.1.0
GCF_023073515.1	Microbe.1.0
GCA_023073515.1	Microbe.1.0
GCF_054653515.1	Generic.1.0
GCA_001312945.1	MIGS.ba.6.0
GCA_054653515.1	Generic.1.0
GCF_023101085.1	Microbe.1.0
GCA_023101085.1	Microbe.1.0
GCF_023073615.1	Microbe.1.0
GCA_023073615.1	Microbe.1.0
GCF_023101065.1	Microbe.1.0
GCA_023101065.1	Microbe.1.0
GCF_023073625.1	Microbe.1.0
GCA_023073625.1	Microbe.1.0
GCF_023073595.1	Microbe.1.0
GCA_023073595.1	Microbe.1.0
GCF_023073575.1	Microbe.1.0
GCA_023073575.1	Microbe.1.0
GCF_023073555.1	Microbe.1.0
GCA_023073555.1	Microbe.1.0
GCF_023073535.1	Microbe.1.0
GCA_023073535.1	Microbe.1.0
GCF_023073435.1	Microbe.1.0
GCA_023073435.1	Microbe.1.0
GCF_023073495.1	Microbe.1.0
GCA_023073495.1	Microbe.1.0
GCF_023073475.1	Microbe.1.0
GCA_023073475.1	Microbe.1.0
GCF_023101045.1	Microbe.1.0
GCA_023101045.1	Microbe.1.0
GCF_023101025.1	Microbe.1.0
GCA_023101025.1	Microbe.1.0
GCF_059512405.1	Microbe.1.0
GCA_059512405.1	Microbe.1.0
GCF_023101685.1	Microbe.1.0
GCA_023101685.1	Microbe.1.0
GCF_023101005.1	Microbe.1.0
GCA_023101005.1	Microbe.1.0
GCF_023073445.1	Microbe.1.0
GCA_023073445.1	Microbe.1.0
GCF_054185225.1	Microbe.1.0
GCA_054185225.1	Microbe.1.0
GCF_023073415.1	Microbe.1.0
GCA_023073415.1	Microbe.1.0
GCF_023100985.1	Microbe.1.0
GCA_023100985.1	Microbe.1.0
GCF_023100965.1	Microbe.1.0
GCA_023100965.1	Microbe.1.0
GCF_023073395.1	Microbe.1.0
GCA_023073395.1	Microbe.1.0
GCF_023101665.1	Microbe.1.0
GCA_023101665.1	Microbe.1.0
GCF_023073375.1	Microbe.1.0
GCA_023073375.1	Microbe.1.0
GCF_023073355.1	Microbe.1.0
GCA_023073355.1	Microbe.1.0
GCF_023072795.1	Microbe.1.0
GCA_023072795.1	Microbe.1.0
GCF_023100945.1	Microbe.1.0
GCA_023100945.1	Microbe.1.0
GCF_023073335.1	Microbe.1.0
GCA_023073335.1	Microbe.1.0
GCF_052075935.1	Microbe.1.0
GCA_052075935.1	Microbe.1.0
GCF_052075945.1	Microbe.1.0
GCA_052075945.1	Microbe.1.0
GCF_000482425.1	Generic.1.0
GCA_000482425.1	Generic.1.0
GCF_023073295.1	Microbe.1.0
GCA_023073295.1	Microbe.1.0
GCF_054863025.1	Microbe.1.0
GCA_054863025.1	Microbe.1.0
GCA_023073275.1	Microbe.1.0
GCF_054863005.1	Microbe.1.0
GCA_054863005.1	Microbe.1.0
GCF_036923295.1	Microbe.1.0
GCA_036923295.1	Microbe.1.0
GCF_037217225.1	Microbe.1.0
GCA_037217225.1	Microbe.1.0
GCF_011516625.5	Microbe.1.0
GCA_011516625.5	Microbe.1.0
GCF_052115025.1	Microbe.1.0
GCA_052115025.1	Microbe.1.0
GCF_052114925.1	Microbe.1.0
GCA_052114925.1	Microbe.1.0
GCF_023073255.1	Microbe.1.0
GCA_023073255.1	Microbe.1.0
GCF_043638955.1	Microbe.1.0
GCA_043638955.1	Microbe.1.0
GCF_032654765.1	Microbe.1.0
GCA_032654765.1	Microbe.1.0
GCF_023073215.1	Microbe.1.0
GCA_023073215.1	Microbe.1.0
GCA_002280915.1	MIGS.ba.wastewater.6.0
GCF_023073235.1	Microbe.1.0
GCA_023073235.1	Microbe.1.0
GCF_023073195.1	Microbe.1.0
GCA_023073195.1	Microbe.1.0
GCF_023073175.1	Microbe.1.0
GCA_023073175.1	Microbe.1.0
GCF_023100905.1	Microbe.1.0
GCA_023100905.1	Microbe.1.0
GCF_023100925.1	Microbe.1.0
GCA_023100925.1	Microbe.1.0
GCF_011516665.3	Microbe.1.0
GCA_011516665.3	Microbe.1.0
GCF_023073095.1	Microbe.1.0
GCA_023073095.1	Microbe.1.0
GCF_023073155.1	Microbe.1.0
GCA_023073155.1	Microbe.1.0
GCF_023073125.1	Microbe.1.0
GCA_023073125.1	Microbe.1.0
GCF_052075955.1	Microbe.1.0
GCA_052075955.1	Microbe.1.0
GCF_052075965.1	Microbe.1.0
GCA_052075965.1	Microbe.1.0
GCF_023073115.1	Microbe.1.0
GCA_023073115.1	Microbe.1.0
GCF_052075975.1	Microbe.1.0
GCA_052075975.1	Microbe.1.0
GCF_052075985.1	Microbe.1.0
GCA_052075985.1	Microbe.1.0
GCF_011058295.2	Microbe.1.0
GCA_011058295.2	Microbe.1.0
GCF_051810765.1	Microbe.1.0
GCA_051810765.1	Microbe.1.0
GCF_023073075.1	Microbe.1.0
GCA_023073075.1	Microbe.1.0
GCF_052075995.1	Microbe.1.0
GCA_052075995.1	Microbe.1.0
GCF_023073035.1	Microbe.1.0
GCA_023073035.1	Microbe.1.0
GCF_030272265.2	Microbe.1.0
GCA_030272265.2	Microbe.1.0
GCF_052076005.1	Microbe.1.0
GCA_052076005.1	Microbe.1.0
GCF_023073025.1	Microbe.1.0
GCA_023073025.1	Microbe.1.0
GCF_041950565.1	Microbe.1.0
GCA_041950565.1	Microbe.1.0
GCF_023072995.1	Microbe.1.0
GCA_023072995.1	Microbe.1.0
GCF_023073015.1	Microbe.1.0
GCA_023073015.1	Microbe.1.0
GCF_052076015.1	Microbe.1.0
GCA_052076015.1	Microbe.1.0
GCF_052076025.1	Microbe.1.0
GCA_052076025.1	Microbe.1.0
GCF_051810785.1	Microbe.1.0
GCA_051810785.1	Microbe.1.0
GCF_042077125.1	Microbe.1.0
GCA_042077125.1	Microbe.1.0
GCF_042076515.1	Microbe.1.0
GCA_042076515.1	Microbe.1.0
GCF_002936975.1	Microbe.1.0
GCA_002936975.1	Microbe.1.0
GCF_000426245.1	Generic.1.0
GCA_000426245.1	Generic.1.0
GCF_029990105.1	Microbe.1.0
GCA_029990105.1	Microbe.1.0
GCF_029989365.1	Microbe.1.0
GCA_029989365.1	Microbe.1.0
GCF_000472385.1	Generic.1.0
GCA_000472385.1	Generic.1.0
GCF_001908185.1	Microbe.1.0
GCA_001908185.1	Microbe.1.0
GCF_031202265.1	MIGS.ba.soil.6.0
GCA_031202265.1	MIGS.ba.soil.6.0
GCF_001590795.1	MIGS.ba.host-associated.6.0
GCA_001590795.1	MIGS.ba.host-associated.6.0
GCF_018129415.1	Microbe.1.0
GCA_018129415.1	Microbe.1.0
GCF_018131205.1	Microbe.1.0
GCA_018131205.1	Microbe.1.0
GCF_018129485.1	Microbe.1.0
GCA_018129485.1	Microbe.1.0
GCF_018129565.1	Microbe.1.0
GCA_018129565.1	Microbe.1.0
GCF_018129725.1	Microbe.1.0
GCA_018129725.1	Microbe.1.0
GCF_018130065.1	Microbe.1.0
GCA_018130065.1	Microbe.1.0
GCF_018130105.1	Microbe.1.0
GCA_018130105.1	Microbe.1.0
GCF_018130085.1	Microbe.1.0
GCA_018130085.1	Microbe.1.0
GCF_018130145.1	Microbe.1.0
GCA_018130145.1	Microbe.1.0
GCF_018130125.1	Microbe.1.0
GCA_018130125.1	Microbe.1.0
GCF_018130185.1	Microbe.1.0
GCA_018130185.1	Microbe.1.0
GCF_018130205.1	Microbe.1.0
GCA_018130205.1	Microbe.1.0
GCF_018130345.1	Microbe.1.0
GCA_018130345.1	Microbe.1.0
GCF_018130325.1	Microbe.1.0
GCA_018130325.1	Microbe.1.0
GCF_018130385.1	Microbe.1.0
GCA_018130385.1	Microbe.1.0
GCF_018131065.1	Microbe.1.0
GCA_018131065.1	Microbe.1.0
GCF_036924575.1	MIGS.ba.6.0
GCA_036924575.1	MIGS.ba.6.0
GCF_036924675.1	MIGS.ba.6.0
GCA_036924675.1	MIGS.ba.6.0
GCF_036924735.1	MIGS.ba.6.0
GCA_036924735.1	MIGS.ba.6.0
GCF_036924515.1	MIGS.ba.6.0
GCA_036924515.1	MIGS.ba.6.0
GCF_036924845.1	MIGS.ba.6.0
GCA_036924845.1	MIGS.ba.6.0
GCF_036924775.1	MIGS.ba.6.0
GCA_036924775.1	MIGS.ba.6.0
GCF_036924765.1	MIGS.ba.6.0
GCA_036924765.1	MIGS.ba.6.0
GCF_036924745.1	MIGS.ba.6.0
GCA_036924745.1	MIGS.ba.6.0
GCF_036924635.1	MIGS.ba.6.0
GCA_036924635.1	MIGS.ba.6.0
GCF_036924695.1	MIGS.ba.6.0
GCA_036924695.1	MIGS.ba.6.0
GCF_036924525.1	MIGS.ba.6.0
GCA_036924525.1	MIGS.ba.6.0
GCF_036924715.1	MIGS.ba.6.0
GCA_036924715.1	MIGS.ba.6.0
GCF_036924645.1	MIGS.ba.6.0
GCA_036924645.1	MIGS.ba.6.0
GCF_036924495.1	MIGS.ba.6.0
GCA_036924495.1	MIGS.ba.6.0
GCF_036924535.1	MIGS.ba.6.0
GCA_036924535.1	MIGS.ba.6.0
GCF_036924615.1	MIGS.ba.6.0
GCA_036924615.1	MIGS.ba.6.0
GCF_038963755.1	Microbe.1.0
GCA_038963755.1	Microbe.1.0
GCF_042257955.1	Microbe.1.0
GCA_042257955.1	Microbe.1.0
GCF_038965675.1	Microbe.1.0
GCA_038965675.1	Microbe.1.0
GCF_038957035.1	Microbe.1.0
GCA_038957035.1	Microbe.1.0
GCF_038969555.1	Microbe.1.0
GCA_038969555.1	Microbe.1.0
GCF_049075665.1	Microbe.1.0
GCA_049075665.1	Microbe.1.0
GCF_038967635.1	Microbe.1.0
GCA_038967635.1	Microbe.1.0
GCF_032918025.1	Microbe.1.0
GCA_032918025.1	Microbe.1.0
GCF_012274525.1	Microbe.1.0
GCA_012274525.1	Microbe.1.0
GCF_051853025.1	Microbe.1.0
GCA_051853025.1	Microbe.1.0
GCF_051853015.1	Microbe.1.0
GCA_051853015.1	Microbe.1.0
GCF_019455395.1	Microbe.1.0
GCA_019455395.1	Microbe.1.0
GCF_019455385.1	Microbe.1.0
GCA_019455385.1	Microbe.1.0
GCF_051547705.1	Microbe.1.0
GCA_051547705.1	Microbe.1.0
GCF_051547665.1	Microbe.1.0
GCA_051547665.1	Microbe.1.0
GCF_029892425.1	MIGS.ba.6.0
GCA_029892425.1	MIGS.ba.6.0
GCF_056106085.1	Microbe.1.0
GCA_056106085.1	Microbe.1.0
GCF_009720285.1	Microbe.1.0
GCA_009720285.1	Microbe.1.0
GCF_024519875.1	Microbe.1.0
GCA_024519875.1	Microbe.1.0
GCF_024519855.1	Microbe.1.0
GCA_024519855.1	Microbe.1.0
GCF_020194335.1	Microbe.1.0
GCA_020194335.1	Microbe.1.0
GCF_020194235.1	Microbe.1.0
GCA_020194235.1	Microbe.1.0
GCF_020194195.1	Microbe.1.0
GCA_020194195.1	Microbe.1.0
GCF_020194215.1	Microbe.1.0
GCA_020194215.1	Microbe.1.0
GCF_020194175.1	Microbe.1.0
GCA_020194175.1	Microbe.1.0
GCF_020194135.1	Microbe.1.0
GCA_020194135.1	Microbe.1.0
GCF_020194035.1	Microbe.1.0
GCA_020194035.1	Microbe.1.0
GCF_000015165.1	Generic.1.0
GCA_000015165.1	Generic.1.0
GCF_032917985.1	Microbe.1.0
GCA_032917985.1	Microbe.1.0
GCF_032917965.1	Microbe.1.0
GCA_032917965.1	Microbe.1.0
GCF_023375135.1	Microbe.1.0
GCA_023375135.1	Microbe.1.0
GCF_002532045.1	MIGS.ba.plant-associated.6.0
GCA_002532045.1	MIGS.ba.plant-associated.6.0
GCF_052871955.1	Microbe.1.0
GCA_052871955.1	Microbe.1.0
GCF_025200925.1	Microbe.1.0
GCA_025200925.1	Microbe.1.0
GCF_029761915.1	Microbe.1.0
GCA_029761915.1	Microbe.1.0
GCF_029714325.1	Microbe.1.0
GCA_029714325.1	Microbe.1.0
GCF_029714425.1	Microbe.1.0
GCA_029714425.1	Microbe.1.0
GCF_029714305.1	Microbe.1.0
GCA_029714305.1	Microbe.1.0
GCF_029714405.1	Microbe.1.0
GCA_029714405.1	Microbe.1.0
GCF_009930815.1	Microbe.1.0
GCA_009930815.1	Microbe.1.0
GCF_028128865.1	Microbe.1.0
GCA_028128865.1	Microbe.1.0
GCF_028128935.1	Microbe.1.0
GCA_028128935.1	Microbe.1.0
GCF_028128955.1	Microbe.1.0
GCA_028128955.1	Microbe.1.0
GCF_028128855.1	Microbe.1.0
GCA_028128855.1	Microbe.1.0
GCF_028128895.1	Microbe.1.0
GCA_028128895.1	Microbe.1.0
GCF_028128915.1	Microbe.1.0
GCA_028128915.1	Microbe.1.0
GCF_028128795.1	Microbe.1.0
GCA_028128795.1	Microbe.1.0
GCF_028128815.1	Microbe.1.0
GCA_028128815.1	Microbe.1.0
GCF_028129015.1	Microbe.1.0
GCA_028129015.1	Microbe.1.0
GCF_015291305.1	Microbe.1.0
GCA_015291305.1	Microbe.1.0
GCF_028128965.1	Microbe.1.0
GCA_028128965.1	Microbe.1.0
GCF_028128695.1	Microbe.1.0
GCA_028128695.1	Microbe.1.0
GCF_028128975.1	Microbe.1.0
GCA_028128975.1	Microbe.1.0
GCF_028128665.1	Microbe.1.0
GCA_028128665.1	Microbe.1.0
GCF_028128625.1	Microbe.1.0
GCA_028128625.1	Microbe.1.0
GCF_028128655.1	Microbe.1.0
GCA_028128655.1	Microbe.1.0
GCF_028128765.1	Microbe.1.0
GCA_028128765.1	Microbe.1.0
GCF_028128715.1	Microbe.1.0
GCA_028128715.1	Microbe.1.0
GCF_015291565.1	Microbe.1.0
GCA_015291565.1	Microbe.1.0
GCF_015291725.1	Microbe.1.0
GCA_015291725.1	Microbe.1.0
GCF_015291665.1	Microbe.1.0
GCA_015291665.1	Microbe.1.0
GCF_015291645.1	Microbe.1.0
GCA_015291645.1	Microbe.1.0
GCF_015291745.1	Microbe.1.0
GCA_015291745.1	Microbe.1.0
GCF_028128755.1	Microbe.1.0
GCA_028128755.1	Microbe.1.0
GCF_028128735.1	Microbe.1.0
GCA_028128735.1	Microbe.1.0
GCF_015291625.1	Microbe.1.0
GCA_015291625.1	Microbe.1.0
GCF_028128835.1	Microbe.1.0
GCA_028128835.1	Microbe.1.0
GCF_024199795.1	Microbe.1.0
GCA_024199795.1	Microbe.1.0
GCF_024199845.1	Microbe.1.0
GCA_024199845.1	Microbe.1.0
GCF_024199855.1	Microbe.1.0
GCA_024199855.1	Microbe.1.0
GCF_000296215.2	Generic.1.0
GCA_000296215.2	Generic.1.0
GCF_024199935.1	Microbe.1.0
GCA_024199935.1	Microbe.1.0
GCF_024199925.1	Microbe.1.0
GCA_024199925.1	Microbe.1.0
GCF_024199885.1	Microbe.1.0
GCA_024199885.1	Microbe.1.0
GCF_024199945.1	Microbe.1.0
GCA_024199945.1	Microbe.1.0
GCF_001556485.1	MIGS.ba.built.6.0
GCA_001556485.1	MIGS.ba.built.6.0
GCF_001556255.1	MIGS.ba.built.6.0
GCA_001556255.1	MIGS.ba.built.6.0
GCF_001556245.1	MIGS.ba.built.6.0
GCA_001556245.1	MIGS.ba.built.6.0
GCF_001556725.1	MIGS.ba.built.6.0
GCA_001556725.1	MIGS.ba.built.6.0
GCF_001556045.1	MIGS.ba.built.6.0
GCA_001556045.1	MIGS.ba.built.6.0
GCF_022835695.1	MIGS.ba.soil.6.0
GCA_022835695.1	MIGS.ba.soil.6.0
GCF_029846235.1	Microbe.1.0
GCA_029846235.1	Microbe.1.0
GCF_900113725.1	MIGS.ba.6.0
GCA_900113725.1	MIGS.ba.6.0
GCF_056429105.1	MIGS.ba.plant-associated.6.0
GCA_056429105.1	MIGS.ba.plant-associated.6.0
GCF_056429125.1	MIGS.ba.plant-associated.6.0
GCA_056429125.1	MIGS.ba.plant-associated.6.0
GCF_056429085.1	MIGS.ba.plant-associated.6.0
GCA_056429085.1	MIGS.ba.plant-associated.6.0
GCF_029714945.1	Microbe.1.0
GCA_029714945.1	Microbe.1.0
GCF_014198245.1	MIGS.ba.6.0
GCA_014198245.1	MIGS.ba.6.0
GCF_014198295.1	MIGS.ba.6.0
GCA_014198295.1	MIGS.ba.6.0
GCF_014197905.1	MIGS.ba.6.0
GCA_014197905.1	MIGS.ba.6.0
GCF_014198315.1	MIGS.ba.6.0
GCA_014198315.1	MIGS.ba.6.0
GCF_000426265.1	Generic.1.0
GCA_000426265.1	Generic.1.0
GCF_059512385.1	Microbe.1.0
GCA_059512385.1	Microbe.1.0
GCF_029051645.1	Microbe.1.0
GCA_029051645.1	Microbe.1.0
GCF_029051685.1	Microbe.1.0
GCA_029051685.1	Microbe.1.0
GCF_029051725.1	Microbe.1.0
GCA_029051725.1	Microbe.1.0
GCF_023100665.1	Microbe.1.0
GCA_023100665.1	Microbe.1.0
GCF_023072975.1	Microbe.1.0
GCA_023072975.1	Microbe.1.0
GCF_023072925.1	Microbe.1.0
GCA_023072925.1	Microbe.1.0
GCF_023072895.1	Microbe.1.0
GCA_023072895.1	Microbe.1.0
GCF_023072875.1	Microbe.1.0
GCA_023072875.1	Microbe.1.0
GCF_023072915.1	Microbe.1.0
GCA_023072915.1	Microbe.1.0
GCF_023072855.1	Microbe.1.0
GCA_023072855.1	Microbe.1.0
GCF_000465325.1	Generic.1.0
GCA_000465325.1	Generic.1.0
GCF_041357655.1	MIGS.ba.plant-associated.6.0
GCA_041357655.1	MIGS.ba.plant-associated.6.0
GCF_041357615.1	MIGS.ba.plant-associated.6.0
GCA_041357615.1	MIGS.ba.plant-associated.6.0
GCF_001593325.1	MIGS.ba.host-associated.6.0
GCA_001593325.1	MIGS.ba.host-associated.6.0
GCF_000617845.2	MIGS.ba.6.0
GCA_000617845.2	MIGS.ba.6.0
GCA_056156545.1	MIGS.ba.plant-associated.6.0
GCF_056156605.1	MIGS.ba.plant-associated.6.0
GCA_056156605.1	MIGS.ba.plant-associated.6.0
GCF_018449695.1	MIGS.ba.soil.6.0
GCA_018449695.1	MIGS.ba.soil.6.0
GCF_018449525.1	MIGS.ba.soil.6.0
GCA_018449525.1	MIGS.ba.soil.6.0
GCF_000472925.1	Generic.1.0
GCA_000472925.1	Generic.1.0
GCF_014198235.1	MIGS.ba.6.0
GCA_014198235.1	MIGS.ba.6.0
GCF_040548275.1	Microbe.1.0
GCA_040548275.1	Microbe.1.0
GCA_054056835.1	Microbe.1.0
GCF_040548265.1	Microbe.1.0
GCA_040548265.1	Microbe.1.0
GCA_054062635.1	Microbe.1.0
GCF_040548305.1	Microbe.1.0
GCA_040548305.1	Microbe.1.0
GCF_040548315.1	Microbe.1.0
GCA_040548315.1	Microbe.1.0
GCF_040548325.1	Microbe.1.0
GCA_040548325.1	Microbe.1.0
GCF_040548365.1	Microbe.1.0
GCA_040548365.1	Microbe.1.0
GCF_040548375.1	Microbe.1.0
GCA_040548375.1	Microbe.1.0
GCF_040548415.1	Microbe.1.0
GCA_040548415.1	Microbe.1.0
GCF_058782905.1	Microbe.1.0
GCA_058782905.1	Microbe.1.0
GCF_021502575.1	Microbe.1.0
GCA_021502575.1	Microbe.1.0
GCF_900011265.1	Generic.1.0
GCA_900011265.1	Generic.1.0
GCF_042653645.1	Microbe.1.0
GCA_042653645.1	Microbe.1.0
GCF_042653585.1	Microbe.1.0
GCA_042653585.1	Microbe.1.0
GCF_042675425.1	Microbe.1.0
GCA_042675425.1	Microbe.1.0
GCF_042675485.1	Microbe.1.0
GCA_042675485.1	Microbe.1.0
GCF_042666195.1	Microbe.1.0
GCA_042666195.1	Microbe.1.0
GCF_900113735.1	MIGS.ba.6.0
GCA_900113735.1	MIGS.ba.6.0
GCF_900115265.1	MIGS.ba.6.0
GCA_900115265.1	MIGS.ba.6.0
GCA_048799545.1	Microbe.1.0
GCA_054062855.1	Microbe.1.0
GCF_040548405.1	Microbe.1.0
GCA_040548405.1	Microbe.1.0
GCA_054062735.1	Microbe.1.0
GCA_054057695.1	Microbe.1.0
GCA_054058135.1	Microbe.1.0
GCA_054062675.1	Microbe.1.0
GCA_054059355.1	Microbe.1.0
GCA_054057195.1	Microbe.1.0
GCF_058807535.1	Microbe.1.0
GCA_058807535.1	Microbe.1.0
GCF_058804065.1	Microbe.1.0
GCA_058804065.1	Microbe.1.0
GCF_058803975.1	Microbe.1.0
GCA_058803975.1	Microbe.1.0
GCF_051168595.1	MIGS.ba.plant-associated.6.0
GCA_051168595.1	MIGS.ba.plant-associated.6.0
GCF_051168555.1	MIGS.ba.plant-associated.6.0
GCA_051168555.1	MIGS.ba.plant-associated.6.0
GCF_051168455.1	MIGS.ba.plant-associated.6.0
GCA_051168455.1	MIGS.ba.plant-associated.6.0
GCF_051168435.1	MIGS.ba.plant-associated.6.0
GCA_051168435.1	MIGS.ba.plant-associated.6.0
GCF_051168395.1	MIGS.ba.plant-associated.6.0
GCA_051168395.1	MIGS.ba.plant-associated.6.0
GCF_051168415.1	MIGS.ba.plant-associated.6.0
GCA_051168415.1	MIGS.ba.plant-associated.6.0
GCF_051168375.1	MIGS.ba.plant-associated.6.0
GCA_051168375.1	MIGS.ba.plant-associated.6.0
GCF_051168355.1	MIGS.ba.plant-associated.6.0
GCA_051168355.1	MIGS.ba.plant-associated.6.0
GCF_051168335.1	MIGS.ba.plant-associated.6.0
GCA_051168335.1	MIGS.ba.plant-associated.6.0
GCF_051168295.1	MIGS.ba.plant-associated.6.0
GCA_051168295.1	MIGS.ba.plant-associated.6.0
GCF_051168275.1	MIGS.ba.plant-associated.6.0
GCA_051168275.1	MIGS.ba.plant-associated.6.0
GCF_051168255.1	MIGS.ba.plant-associated.6.0
GCA_051168255.1	MIGS.ba.plant-associated.6.0
GCF_051168235.1	MIGS.ba.plant-associated.6.0
GCA_051168235.1	MIGS.ba.plant-associated.6.0
GCF_051168215.1	MIGS.ba.plant-associated.6.0
GCA_051168215.1	MIGS.ba.plant-associated.6.0
GCF_051168175.1	MIGS.ba.plant-associated.6.0
GCA_051168175.1	MIGS.ba.plant-associated.6.0
GCF_051168155.1	MIGS.ba.plant-associated.6.0
GCA_051168155.1	MIGS.ba.plant-associated.6.0
GCF_051168135.1	MIGS.ba.plant-associated.6.0
GCA_051168135.1	MIGS.ba.plant-associated.6.0
GCF_051168075.1	MIGS.ba.plant-associated.6.0
GCA_051168075.1	MIGS.ba.plant-associated.6.0
GCF_051168035.1	MIGS.ba.plant-associated.6.0
GCA_051168035.1	MIGS.ba.plant-associated.6.0
GCF_051168015.1	MIGS.ba.plant-associated.6.0
GCA_051168015.1	MIGS.ba.plant-associated.6.0
GCF_051167995.1	MIGS.ba.plant-associated.6.0
GCA_051167995.1	MIGS.ba.plant-associated.6.0
GCF_051167935.1	MIGS.ba.plant-associated.6.0
GCA_051167935.1	MIGS.ba.plant-associated.6.0
GCF_051167895.1	MIGS.ba.plant-associated.6.0
GCA_051167895.1	MIGS.ba.plant-associated.6.0
GCF_051167875.1	MIGS.ba.plant-associated.6.0
GCA_051167875.1	MIGS.ba.plant-associated.6.0
GCF_051167855.1	MIGS.ba.plant-associated.6.0
GCA_051167855.1	MIGS.ba.plant-associated.6.0
GCF_051167795.1	MIGS.ba.plant-associated.6.0
GCA_051167795.1	MIGS.ba.plant-associated.6.0
GCF_051167755.1	MIGS.ba.plant-associated.6.0
GCA_051167755.1	MIGS.ba.plant-associated.6.0
GCF_051167715.1	MIGS.ba.plant-associated.6.0
GCA_051167715.1	MIGS.ba.plant-associated.6.0
GCF_051167675.1	MIGS.ba.plant-associated.6.0
GCA_051167675.1	MIGS.ba.plant-associated.6.0
GCF_051167655.1	MIGS.ba.plant-associated.6.0
GCA_051167655.1	MIGS.ba.plant-associated.6.0
GCF_051167635.1	MIGS.ba.plant-associated.6.0
GCA_051167635.1	MIGS.ba.plant-associated.6.0
GCF_051167615.1	MIGS.ba.plant-associated.6.0
GCA_051167615.1	MIGS.ba.plant-associated.6.0
GCF_051167575.1	MIGS.ba.plant-associated.6.0
GCA_051167575.1	MIGS.ba.plant-associated.6.0
GCF_051167555.1	MIGS.ba.plant-associated.6.0
GCA_051167555.1	MIGS.ba.plant-associated.6.0
GCF_050435105.1	Microbe.1.0
GCA_050435105.1	Microbe.1.0
GCF_050435465.1	Microbe.1.0
GCA_050435465.1	Microbe.1.0
GCF_050435825.1	Microbe.1.0
GCA_050435825.1	Microbe.1.0
GCF_040548425.1	Microbe.1.0
GCA_040548425.1	Microbe.1.0
GCA_054057175.1	Microbe.1.0
GCA_054057095.1	Microbe.1.0
GCA_054057055.1	Microbe.1.0
GCF_040548445.1	Microbe.1.0
GCA_040548445.1	Microbe.1.0
GCA_054057075.1	Microbe.1.0
GCF_050435145.1	Microbe.1.0
GCA_050435145.1	Microbe.1.0
GCF_040548435.1	Microbe.1.0
GCA_040548435.1	Microbe.1.0
GCF_022354745.1	MIGS.ba.soil.6.0
GCA_022354745.1	MIGS.ba.soil.6.0
GCF_013408065.1	MIGS.ba.6.0
GCA_013408065.1	MIGS.ba.6.0
GCF_020193675.1	Microbe.1.0
GCA_020193675.1	Microbe.1.0
GCF_020193625.1	Microbe.1.0
GCA_020193625.1	Microbe.1.0
GCF_020193585.1	Microbe.1.0
GCA_020193585.1	Microbe.1.0
GCF_020193615.1	Microbe.1.0
GCA_020193615.1	Microbe.1.0
GCF_020193715.1	Microbe.1.0
GCA_020193715.1	Microbe.1.0
GCF_020193695.1	Microbe.1.0
GCA_020193695.1	Microbe.1.0
GCF_000426845.1	Generic.1.0
GCA_000426845.1	Generic.1.0
GCF_040446015.1	Microbe.1.0
GCA_040446015.1	Microbe.1.0
GCF_000421305.1	Generic.1.0
GCA_000421305.1	Generic.1.0
GCF_029909955.1	MIGS.ba.plant-associated.6.0
GCA_029909955.1	MIGS.ba.plant-associated.6.0
GCF_029909975.1	MIGS.ba.plant-associated.6.0
GCA_029909975.1	MIGS.ba.plant-associated.6.0
GCF_029909995.1	MIGS.ba.plant-associated.6.0
GCA_029909995.1	MIGS.ba.plant-associated.6.0
GCA_029910135.1	MIGS.ba.plant-associated.6.0
GCF_029910015.1	MIGS.ba.plant-associated.6.0
GCA_029910015.1	MIGS.ba.plant-associated.6.0
GCF_029910035.1	MIGS.ba.plant-associated.6.0
GCA_029910035.1	MIGS.ba.plant-associated.6.0
GCF_038085055.1	MIGS.ba.plant-associated.6.0
GCA_038085055.1	MIGS.ba.plant-associated.6.0
GCF_029910055.1	MIGS.ba.plant-associated.6.0
GCA_029910055.1	MIGS.ba.plant-associated.6.0
GCF_029910075.1	MIGS.ba.plant-associated.6.0
GCA_029910075.1	MIGS.ba.plant-associated.6.0
GCF_029910095.1	MIGS.ba.plant-associated.6.0
GCA_029910095.1	MIGS.ba.plant-associated.6.0
GCF_000464155.1	Generic.1.0
GCA_000464155.2	Generic.1.0
GCF_000485255.1	Generic.1.0
GCA_000485255.1	Generic.1.0
GCF_000485335.1	Generic.1.0
GCA_000485335.1	Generic.1.0
GCF_056156565.1	MIGS.ba.plant-associated.6.0
GCA_056156565.1	MIGS.ba.plant-associated.6.0
GCF_040548545.1	Microbe.1.0
GCA_040548545.1	Microbe.1.0
GCF_040548535.1	Microbe.1.0
GCA_040548535.1	Microbe.1.0
GCF_040548505.1	Microbe.1.0
GCA_040548505.1	Microbe.1.0
GCF_040548515.1	Microbe.1.0
GCA_040548515.1	Microbe.1.0
GCF_040547635.1	Microbe.1.0
GCA_040547635.1	Microbe.1.0
GCF_040548525.1	Microbe.1.0
GCA_040548525.1	Microbe.1.0
GCF_054057015.1	Microbe.1.0
GCA_054057015.1	Microbe.1.0
GCF_040548605.1	Microbe.1.0
GCA_040548605.1	Microbe.1.0
GCF_040547695.1	Microbe.1.0
GCA_040547695.1	Microbe.1.0
GCF_040547745.1	Microbe.1.0
GCA_040547745.1	Microbe.1.0
GCA_054056955.1	Microbe.1.0
GCF_040547735.1	Microbe.1.0
GCA_040547735.1	Microbe.1.0
GCF_018130165.1	Microbe.1.0
GCA_018130165.1	Microbe.1.0
GCF_018131075.1	Microbe.1.0
GCA_018131075.1	Microbe.1.0
GCF_018130885.1	Microbe.1.0
GCA_018130885.1	Microbe.1.0
GCF_005937905.2	Microbe.1.0
GCA_005937905.2	Microbe.1.0
GCF_005937885.2	Microbe.1.0
GCA_005937885.2	Microbe.1.0
GCF_055807355.1	Microbe.1.0
GCA_055807355.1	Microbe.1.0
GCF_055807435.1	Microbe.1.0
GCA_055807435.1	Microbe.1.0
GCF_055807555.1	Microbe.1.0
GCA_055807555.1	Microbe.1.0
GCF_055807395.1	Microbe.1.0
GCA_055807395.1	Microbe.1.0
GCF_055807535.1	Microbe.1.0
GCA_055807535.1	Microbe.1.0
GCF_055807655.1	Microbe.1.0
GCA_055807655.1	Microbe.1.0
GCF_055807675.1	Microbe.1.0
GCA_055807675.1	Microbe.1.0
GCF_055807475.1	Microbe.1.0
GCA_055807475.1	Microbe.1.0
GCF_055807635.1	Microbe.1.0
GCA_055807635.1	Microbe.1.0
GCF_055807455.1	Microbe.1.0
GCA_055807455.1	Microbe.1.0
GCF_055807515.1	Microbe.1.0
GCA_055807515.1	Microbe.1.0
GCF_055264925.1	Microbe.1.0
GCA_055264925.1	Microbe.1.0
GCF_040547725.1	Microbe.1.0
GCA_040547725.1	Microbe.1.0
GCF_040547785.1	Microbe.1.0
GCA_040547785.1	Microbe.1.0
GCF_040547805.1	Microbe.1.0
GCA_040547805.1	Microbe.1.0
GCF_040547835.1	Microbe.1.0
GCA_040547835.1	Microbe.1.0
GCF_040547825.1	Microbe.1.0
GCA_040547825.1	Microbe.1.0
GCF_040547865.1	Microbe.1.0
GCA_040547865.1	Microbe.1.0
GCF_040547875.1	Microbe.1.0
GCA_040547875.1	Microbe.1.0
GCF_040547905.1	Microbe.1.0
GCA_040547905.1	Microbe.1.0
GCF_040547935.1	Microbe.1.0
GCA_040547935.1	Microbe.1.0
GCF_040547965.1	Microbe.1.0
GCA_040547965.1	Microbe.1.0
GCF_040549355.1	Microbe.1.0
GCA_040549355.1	Microbe.1.0
GCA_054056935.1	Microbe.1.0
GCF_040549385.1	Microbe.1.0
GCA_040549385.1	Microbe.1.0
GCF_040547925.1	Microbe.1.0
GCA_040547925.1	Microbe.1.0
GCF_054056815.1	Microbe.1.0
GCA_054056815.1	Microbe.1.0
GCF_040547985.1	Microbe.1.0
GCA_040547985.1	Microbe.1.0
GCF_040548005.1	Microbe.1.0
GCA_040548005.1	Microbe.1.0
GCA_054056695.1	Microbe.1.0
GCA_054056675.1	Microbe.1.0
GCF_040548035.1	Microbe.1.0
GCA_040548035.1	Microbe.1.0
GCA_054056895.1	Microbe.1.0
GCF_009931255.1	Microbe.1.0
GCA_009931255.1	Microbe.1.0
GCF_001424605.1	MIGS.ba.plant-associated.6.0
GCA_001424605.1	MIGS.ba.plant-associated.6.0
GCF_920939485.1	Generic.1.0
GCA_920939485.1	Generic.1.0
GCF_055229415.2	Microbe.1.0
GCA_055229415.2	Microbe.1.0
GCF_004212675.1	Microbe.1.0
GCA_004212675.1	Microbe.1.0
GCF_055413665.1	Microbe.1.0
GCA_055413665.1	Microbe.1.0
GCF_004296405.1	Microbe.1.0
GCA_004296405.1	Microbe.1.0
GCF_059512445.1	Microbe.1.0
GCA_059512445.1	Microbe.1.0
GCF_059512425.1	Microbe.1.0
GCA_059512425.1	Microbe.1.0
GCF_055413685.1	Microbe.1.0
GCA_055413685.1	Microbe.1.0
GCF_053850915.1	Microbe.1.0
GCF_059512265.1	Microbe.1.0
GCA_053850915.1	Microbe.1.0
GCA_059512265.1	Microbe.1.0
GCF_055230915.1	Microbe.1.0
GCA_055230915.1	Microbe.1.0
GCF_055456055.1	Microbe.1.0
GCA_055456055.1	Microbe.1.0
GCF_031157255.1	Microbe.1.0
GCA_031157255.1	Microbe.1.0
GCF_964252915.1	Generic.1.0
GCA_964252915.2	Generic.1.0
GCF_054056595.1	Microbe.1.0
GCA_054056595.1	Microbe.1.0
GCA_054056575.1	Microbe.1.0
GCF_054056555.1	Microbe.1.0
GCA_054056555.1	Microbe.1.0
GCA_054056535.1	Microbe.1.0
GCA_054063875.1	Microbe.1.0
GCA_054060935.1	Microbe.1.0
GCA_054063455.1	Microbe.1.0
GCA_054060835.1	Microbe.1.0
GCA_054063955.1	Microbe.1.0
GCF_054061075.1	Microbe.1.0
GCA_054061075.1	Microbe.1.0
GCF_045571415.1	Microbe.1.0
GCA_045571415.1	Microbe.1.0
GCF_001693485.1	Microbe.1.0
GCA_001693485.1	Microbe.1.0
GCF_054053325.1	Microbe.1.0
GCA_054053325.1	Microbe.1.0
GCF_059512285.1	Microbe.1.0
GCA_059512285.1	Microbe.1.0
GCF_054053345.1	Microbe.1.0
GCA_054053345.1	Microbe.1.0
GCF_000938255.1	MIGS.ba.soil.6.0
GCA_000938255.1	MIGS.ba.soil.6.0
GCF_000938285.1	MIGS.ba.soil.6.0
GCA_000938285.1	MIGS.ba.soil.6.0
GCF_000938305.1	MIGS.ba.soil.6.0
GCA_000938305.1	MIGS.ba.soil.6.0
GCF_000938235.1	MIGS.ba.soil.6.0
GCA_000938235.1	MIGS.ba.soil.6.0
GCF_003957705.1	Microbe.1.0
GCA_003957705.1	Microbe.1.0
GCF_042258955.1	Microbe.1.0
GCA_042258955.1	Microbe.1.0
GCA_041987565.1	MIMAG.water.6.0
GCF_049993905.1	MIGS.ba.soil.6.0
GCA_049993905.1	MIGS.ba.soil.6.0
GCF_049993385.1	MIGS.ba.soil.6.0
GCA_049993385.1	MIGS.ba.soil.6.0
GCF_055811035.1	Microbe.1.0
GCA_055811035.1	Microbe.1.0
GCF_055811255.1	Microbe.1.0
GCA_055811255.1	Microbe.1.0
GCF_055811695.1	Microbe.1.0
GCA_055811695.1	Microbe.1.0
GCF_055811315.1	Microbe.1.0
GCA_055811315.1	Microbe.1.0
GCF_055811795.1	Microbe.1.0
GCA_055811795.1	Microbe.1.0
GCF_004634465.1	MIGS.ba.plant-associated.6.0
GCA_004634465.1	MIGS.ba.plant-associated.6.0
GCF_003020115.1	MIGS.ba.plant-associated.6.0
GCA_003020115.1	MIGS.ba.plant-associated.6.0
GCF_003020125.1	MIGS.ba.plant-associated.6.0
GCA_003020125.1	MIGS.ba.plant-associated.6.0
GCF_003020075.1	MIGS.ba.plant-associated.6.0
GCA_003020075.1	MIGS.ba.plant-associated.6.0
GCF_029952935.1	Microbe.1.0
GCA_029952935.1	Microbe.1.0
GCF_029953005.1	Microbe.1.0
GCA_029953005.1	Microbe.1.0
GCF_029952985.1	Microbe.1.0
GCA_029952985.1	Microbe.1.0
GCF_055807615.1	Microbe.1.0
GCA_055807615.1	Microbe.1.0
GCF_001908205.1	Microbe.1.0
GCA_001908205.1	Microbe.1.0
GCF_001908235.1	Microbe.1.0
GCA_001908235.1	Microbe.1.0
GCF_020194115.1	Microbe.1.0
GCA_020194115.1	Microbe.1.0
GCF_020193975.1	Microbe.1.0
GCA_020193975.1	Microbe.1.0
GCF_020194055.1	Microbe.1.0
GCA_020194055.1	Microbe.1.0
GCF_020193935.1	Microbe.1.0
GCA_020193935.1	Microbe.1.0
GCF_020193895.1	Microbe.1.0
GCA_020193895.1	Microbe.1.0
GCF_020193875.1	Microbe.1.0
GCA_020193875.1	Microbe.1.0
GCF_020193825.1	Microbe.1.0
GCA_020193825.1	Microbe.1.0
GCF_020193815.1	Microbe.1.0
GCA_020193815.1	Microbe.1.0
GCF_020193755.1	Microbe.1.0
GCA_020193755.1	Microbe.1.0
GCF_025200865.1	Microbe.1.0
GCA_025200865.1	Microbe.1.0
GCF_032918005.1	Microbe.1.0
GCA_032918005.1	Microbe.1.0
GCF_900114605.1	MIGS.ba.6.0
GCA_900114605.1	MIGS.ba.6.0
GCF_038729565.1	Microbe.1.0
GCA_038729565.1	Microbe.1.0
GCF_030378205.1	MIGS.ba.soil.6.0
GCA_030378205.1	MIGS.ba.soil.6.0
GCF_040546575.1	Microbe.1.0
GCA_040546575.1	Microbe.1.0
GCF_000497675.1	Generic.1.0
GCA_000497675.1	Generic.1.0
GCF_900109945.1	MIGS.ba.6.0
GCA_900109945.1	MIGS.ba.6.0
GCF_045571485.1	Microbe.1.0
GCA_045571485.1	Microbe.1.0
GCF_000026145.1	Generic.1.0
GCA_000026145.1	Generic.1.0
GCF_000239755.1	Generic.1.0
GCF_900176205.1	Generic.1.0
GCA_000239755.2	Generic.1.0
GCA_900176205.1	Generic.1.0
GCF_000239775.1	Generic.1.0
GCA_000239775.2	Generic.1.0
GCF_045571475.1	Microbe.1.0
GCA_045571475.1	Microbe.1.0
GCF_056405155.1	Microbe.1.0
GCA_056405155.1	Microbe.1.0
GCF_056405055.1	Microbe.1.0
GCA_056405055.1	Microbe.1.0
GCF_056403875.1	Microbe.1.0
GCA_056403875.1	Microbe.1.0
GCF_056402655.1	Microbe.1.0
GCA_056402655.1	Microbe.1.0
GCF_054049755.1	Microbe.1.0
GCA_054049755.1	Microbe.1.0
GCF_054049735.1	Microbe.1.0
GCA_054049735.1	Microbe.1.0
GCF_052588265.1	Microbe.1.0
GCA_052588265.1	Microbe.1.0
GCA_002256335.1	Microbe.1.0
GCF_042258325.1	Microbe.1.0
GCF_042258615.1	Microbe.1.0
GCA_042258325.1	Microbe.1.0
GCA_042258615.1	Microbe.1.0
GCF_051861855.1	Microbe.1.0
GCA_051861855.1	Microbe.1.0
GCF_023006515.1	Microbe.1.0
GCA_023006515.1	Microbe.1.0
GCF_016839165.1	Microbe.1.0
GCA_016839165.1	Microbe.1.0
GCF_052043945.1	Microbe.1.0
GCA_052043945.1	Microbe.1.0
GCF_004346455.1	MIGS.ba.6.0
GCA_004346455.1	MIGS.ba.6.0
GCF_900099855.1	MIGS.ba.6.0
GCA_900099855.1	MIGS.ba.6.0
GCF_900114915.1	MIGS.ba.6.0
GCA_900114915.1	MIGS.ba.6.0
GCF_019972155.1	MIGS.ba.soil.6.0
GCA_019972155.1	MIGS.ba.soil.6.0
GCF_043203335.1	Microbe.1.0
GCA_043203335.1	Microbe.1.0
GCF_051917485.1	Microbe.1.0
GCA_051917485.2	Microbe.1.0
GCA_044772375.2	Microbe.1.0
GCF_003837805.1	Microbe.1.0
GCA_003837805.1	Microbe.1.0
GCF_040548025.1	Microbe.1.0
GCA_040548025.1	Microbe.1.0
GCF_040549445.1	Microbe.1.0
GCA_040549445.1	Microbe.1.0
GCF_040548065.1	Microbe.1.0
GCA_040548065.1	Microbe.1.0
GCF_040548075.1	Microbe.1.0
GCA_040548075.1	Microbe.1.0
GCF_040548115.1	Microbe.1.0
GCA_040548115.1	Microbe.1.0
GCF_040548105.1	Microbe.1.0
GCA_040548105.1	Microbe.1.0
GCF_040548125.1	Microbe.1.0
GCA_040548125.1	Microbe.1.0
GCF_040547675.1	Microbe.1.0
GCA_040547675.1	Microbe.1.0
GCF_040547655.1	Microbe.1.0
GCA_040547655.1	Microbe.1.0
GCF_040548165.1	Microbe.1.0
GCA_040548165.1	Microbe.1.0
GCF_040548205.1	Microbe.1.0
GCA_040548205.1	Microbe.1.0
GCF_040548215.1	Microbe.1.0
GCA_040548215.1	Microbe.1.0
GCF_040548225.1	Microbe.1.0
GCA_040548225.1	Microbe.1.0
GCF_054061055.1	Microbe.1.0
GCA_054061055.1	Microbe.1.0
GCF_040546925.1	Microbe.1.0
GCA_040546925.1	Microbe.1.0
GCF_040546885.1	Microbe.1.0
GCA_040546885.1	Microbe.1.0
GCF_040546905.1	Microbe.1.0
GCA_040546905.1	Microbe.1.0
GCF_040546935.1	Microbe.1.0
GCA_040546935.1	Microbe.1.0
GCF_054061875.1	Microbe.1.0
GCA_054061875.1	Microbe.1.0
GCF_040546985.1	Microbe.1.0
GCA_040546985.1	Microbe.1.0
GCF_040547035.1	Microbe.1.0
GCA_040547035.1	Microbe.1.0
GCF_009766005.1	Microbe.1.0
GCA_009766005.1	Microbe.1.0
GCF_018398895.1	Microbe.1.0
GCF_032917945.1	Microbe.1.0
GCA_018398895.1	Microbe.1.0
GCA_032917945.1	Microbe.1.0
GCF_014198205.1	MIGS.ba.6.0
GCA_014198205.1	MIGS.ba.6.0
GCF_014844175.1	Microbe.1.0
GCA_014844175.1	Microbe.1.0
GCF_059512365.1	Microbe.1.0
GCA_059512365.1	Microbe.1.0
GCF_018398875.1	Microbe.1.0
GCA_018398875.1	Microbe.1.0
GCF_023006445.1	Microbe.1.0
GCA_023006445.1	Microbe.1.0
GCF_002831585.1	Microbe.1.0
GCA_002831585.1	Microbe.1.0
GCF_051853005.1	Microbe.1.0
GCA_051853005.1	Microbe.1.0
GCF_059448745.1	Microbe.1.0
GCA_059448745.1	Microbe.1.0
GCF_051853065.1	Microbe.1.0
GCA_051853065.1	Microbe.1.0
GCF_051853045.1	Microbe.1.0
GCA_051853045.1	Microbe.1.0
GCF_051853035.1	Microbe.1.0
GCA_051853035.1	Microbe.1.0
GCF_018596315.1	Microbe.1.0
GCA_018596315.1	Microbe.1.0
GCF_024586915.1	Microbe.1.0
GCA_024586915.1	Microbe.1.0
GCF_030159255.1	MIGS.ba.plant-associated.6.0
GCA_030159255.1	MIGS.ba.plant-associated.6.0
GCF_030159275.1	MIGS.ba.plant-associated.6.0
GCA_030159275.1	MIGS.ba.plant-associated.6.0
GCF_045571465.1	Microbe.1.0
GCA_045571465.1	Microbe.1.0
GCF_045571455.1	Microbe.1.0
GCA_045571455.1	Microbe.1.0
GCF_045571435.1	Microbe.1.0
GCA_045571435.1	Microbe.1.0
GCF_045571445.1	Microbe.1.0
GCA_045571445.1	Microbe.1.0
GCF_000239795.1	Generic.1.0
GCA_000239795.2	Generic.1.0
GCF_000239815.1	Generic.1.0
GCA_000239815.2	Generic.1.0
GCF_003122645.1	Microbe.1.0
GCA_003122645.1	Microbe.1.0
GCF_049747295.1	Microbe.1.0
GCA_049747295.1	Microbe.1.0
GCF_032381575.1	MIGS.ba.plant-associated.6.0
GCA_032381575.1	MIGS.ba.plant-associated.6.0
GCF_032381515.1	MIGS.ba.plant-associated.6.0
GCA_032381515.1	MIGS.ba.plant-associated.6.0
GCF_032489995.1	MIGS.ba.plant-associated.6.0
GCA_032489995.1	MIGS.ba.plant-associated.6.0
GCF_032381555.1	MIGS.ba.plant-associated.6.0
GCA_032381555.1	MIGS.ba.plant-associated.6.0
GCF_032489975.1	MIGS.ba.plant-associated.6.0
GCA_032489975.1	MIGS.ba.plant-associated.6.0
GCF_032381395.1	MIGS.ba.plant-associated.6.0
GCA_032381395.1	MIGS.ba.plant-associated.6.0
GCF_032489935.1	MIGS.ba.plant-associated.6.0
GCA_032489935.1	MIGS.ba.plant-associated.6.0
GCF_032381435.1	MIGS.ba.plant-associated.6.0
GCA_032381435.1	MIGS.ba.plant-associated.6.0
GCF_032489955.1	MIGS.ba.plant-associated.6.0
GCA_032489955.1	MIGS.ba.plant-associated.6.0
GCF_032489915.1	MIGS.ba.plant-associated.6.0
GCA_032489915.1	MIGS.ba.plant-associated.6.0
GCF_032489895.1	MIGS.ba.plant-associated.6.0
GCA_032489895.1	MIGS.ba.plant-associated.6.0
GCF_032489875.1	MIGS.ba.plant-associated.6.0
GCA_032489875.1	MIGS.ba.plant-associated.6.0
GCF_032489835.1	MIGS.ba.plant-associated.6.0
GCA_032489835.1	MIGS.ba.plant-associated.6.0
GCF_032381375.1	MIGS.ba.plant-associated.6.0
GCA_032381375.1	MIGS.ba.plant-associated.6.0
GCF_032381315.1	MIGS.ba.plant-associated.6.0
GCA_032381315.1	MIGS.ba.plant-associated.6.0
GCF_032381335.1	MIGS.ba.plant-associated.6.0
GCA_032381335.1	MIGS.ba.plant-associated.6.0
GCF_032489855.1	MIGS.ba.plant-associated.6.0
GCA_032489855.1	MIGS.ba.plant-associated.6.0
GCF_032489815.1	MIGS.ba.plant-associated.6.0
GCA_032489815.1	MIGS.ba.plant-associated.6.0
GCF_032489795.1	MIGS.ba.plant-associated.6.0
GCA_032489795.1	MIGS.ba.plant-associated.6.0
GCF_032489775.1	MIGS.ba.plant-associated.6.0
GCA_032489775.1	MIGS.ba.plant-associated.6.0
GCF_032489755.1	MIGS.ba.plant-associated.6.0
GCA_032489755.1	MIGS.ba.plant-associated.6.0
GCF_032489735.1	MIGS.ba.plant-associated.6.0
GCA_032489735.1	MIGS.ba.plant-associated.6.0
GCF_032381215.1	MIGS.ba.plant-associated.6.0
GCA_032381215.1	MIGS.ba.plant-associated.6.0
GCF_032489715.1	MIGS.ba.plant-associated.6.0
GCA_032489715.1	MIGS.ba.plant-associated.6.0
GCF_032489675.1	MIGS.ba.plant-associated.6.0
GCA_032489675.1	MIGS.ba.plant-associated.6.0
GCF_032489695.1	MIGS.ba.plant-associated.6.0
GCA_032489695.1	MIGS.ba.plant-associated.6.0
GCF_032489655.1	MIGS.ba.plant-associated.6.0
GCA_032489655.1	MIGS.ba.plant-associated.6.0
GCF_032489635.1	MIGS.ba.plant-associated.6.0
GCA_032489635.1	MIGS.ba.plant-associated.6.0
GCF_032489615.1	MIGS.ba.plant-associated.6.0
GCA_032489615.1	MIGS.ba.plant-associated.6.0
GCF_032381235.1	MIGS.ba.plant-associated.6.0
GCA_032381235.1	MIGS.ba.plant-associated.6.0
GCF_032489575.1	MIGS.ba.plant-associated.6.0
GCA_032489575.1	MIGS.ba.plant-associated.6.0
GCF_032489595.1	MIGS.ba.plant-associated.6.0
GCA_032489595.1	MIGS.ba.plant-associated.6.0
GCF_032489555.1	MIGS.ba.plant-associated.6.0
GCA_032489555.1	MIGS.ba.plant-associated.6.0
GCF_032489535.1	MIGS.ba.plant-associated.6.0
GCA_032489535.1	MIGS.ba.plant-associated.6.0
GCF_032489515.1	MIGS.ba.plant-associated.6.0
GCA_032489515.1	MIGS.ba.plant-associated.6.0
GCF_032381195.1	MIGS.ba.plant-associated.6.0
GCA_032381195.1	MIGS.ba.plant-associated.6.0
GCF_032489475.1	MIGS.ba.plant-associated.6.0
GCA_032489475.1	MIGS.ba.plant-associated.6.0
GCF_032381035.1	MIGS.ba.plant-associated.6.0
GCA_032381035.1	MIGS.ba.plant-associated.6.0
GCF_032489495.1	MIGS.ba.plant-associated.6.0
GCA_032489495.1	MIGS.ba.plant-associated.6.0
GCF_032489455.1	MIGS.ba.plant-associated.6.0
GCA_032489455.1	MIGS.ba.plant-associated.6.0
GCF_032489435.1	MIGS.ba.plant-associated.6.0
GCA_032489435.1	MIGS.ba.plant-associated.6.0
GCF_032381175.1	MIGS.ba.plant-associated.6.0
GCA_032381175.1	MIGS.ba.plant-associated.6.0
GCF_032489415.1	MIGS.ba.plant-associated.6.0
GCA_032489415.1	MIGS.ba.plant-associated.6.0
GCF_032489375.1	MIGS.ba.plant-associated.6.0
GCA_032489375.1	MIGS.ba.plant-associated.6.0
GCF_032489395.1	MIGS.ba.plant-associated.6.0
GCA_032489395.1	MIGS.ba.plant-associated.6.0
GCF_032489355.1	MIGS.ba.plant-associated.6.0
GCA_032489355.1	MIGS.ba.plant-associated.6.0
GCF_032489335.1	MIGS.ba.plant-associated.6.0
GCA_032489335.1	MIGS.ba.plant-associated.6.0
GCF_032489315.1	MIGS.ba.plant-associated.6.0
GCA_032489315.1	MIGS.ba.plant-associated.6.0
GCF_032381135.1	MIGS.ba.plant-associated.6.0
GCA_032381135.1	MIGS.ba.plant-associated.6.0
GCF_032381015.1	MIGS.ba.plant-associated.6.0
GCA_032381015.1	MIGS.ba.plant-associated.6.0
GCF_032380975.1	MIGS.ba.plant-associated.6.0
GCA_032380975.1	MIGS.ba.plant-associated.6.0
GCF_032489295.1	MIGS.ba.plant-associated.6.0
GCA_032489295.1	MIGS.ba.plant-associated.6.0
GCF_032489275.1	MIGS.ba.plant-associated.6.0
GCA_032489275.1	MIGS.ba.plant-associated.6.0
GCF_032489235.1	MIGS.ba.plant-associated.6.0
GCA_032489235.1	MIGS.ba.plant-associated.6.0
GCF_032489255.1	MIGS.ba.plant-associated.6.0
GCA_032489255.1	MIGS.ba.plant-associated.6.0
GCF_032380995.1	MIGS.ba.plant-associated.6.0
GCA_032380995.1	MIGS.ba.plant-associated.6.0
GCF_032489195.1	MIGS.ba.plant-associated.6.0
GCA_032489195.1	MIGS.ba.plant-associated.6.0
GCF_032489215.1	MIGS.ba.plant-associated.6.0
GCA_032489215.1	MIGS.ba.plant-associated.6.0
GCF_032489155.1	MIGS.ba.plant-associated.6.0
GCA_032489155.1	MIGS.ba.plant-associated.6.0
GCF_032489175.1	MIGS.ba.plant-associated.6.0
GCA_032489175.1	MIGS.ba.plant-associated.6.0
GCF_032489135.1	MIGS.ba.plant-associated.6.0
GCA_032489135.1	MIGS.ba.plant-associated.6.0
GCF_032380895.1	MIGS.ba.plant-associated.6.0
GCA_032380895.1	MIGS.ba.plant-associated.6.0
GCF_032380875.1	MIGS.ba.plant-associated.6.0
GCA_032380875.1	MIGS.ba.plant-associated.6.0
GCF_032489115.1	MIGS.ba.plant-associated.6.0
GCA_032489115.1	MIGS.ba.plant-associated.6.0
GCF_032489075.1	MIGS.ba.plant-associated.6.0
GCA_032489075.1	MIGS.ba.plant-associated.6.0
GCF_032380815.1	MIGS.ba.plant-associated.6.0
GCA_032380815.1	MIGS.ba.plant-associated.6.0
GCF_032489095.1	MIGS.ba.plant-associated.6.0
GCA_032489095.1	MIGS.ba.plant-associated.6.0
GCF_032489035.1	MIGS.ba.plant-associated.6.0
GCA_032489035.1	MIGS.ba.plant-associated.6.0
GCF_032489055.1	MIGS.ba.plant-associated.6.0
GCA_032489055.1	MIGS.ba.plant-associated.6.0
GCF_032488995.1	MIGS.ba.plant-associated.6.0
GCA_032488995.1	MIGS.ba.plant-associated.6.0
GCF_032489015.1	MIGS.ba.plant-associated.6.0
GCA_032489015.1	MIGS.ba.plant-associated.6.0
GCF_032488955.1	MIGS.ba.plant-associated.6.0
GCA_032488955.1	MIGS.ba.plant-associated.6.0
GCF_032488975.1	MIGS.ba.plant-associated.6.0
GCA_032488975.1	MIGS.ba.plant-associated.6.0
GCF_032488935.1	MIGS.ba.plant-associated.6.0
GCA_032488935.1	MIGS.ba.plant-associated.6.0
GCF_032488895.1	MIGS.ba.plant-associated.6.0
GCA_032488895.1	MIGS.ba.plant-associated.6.0
GCF_032380795.1	MIGS.ba.plant-associated.6.0
GCA_032380795.1	MIGS.ba.plant-associated.6.0
GCF_032488915.1	MIGS.ba.plant-associated.6.0
GCA_032488915.1	MIGS.ba.plant-associated.6.0
GCF_032488875.1	MIGS.ba.plant-associated.6.0
GCA_032488875.1	MIGS.ba.plant-associated.6.0
GCF_032488855.1	MIGS.ba.plant-associated.6.0
GCA_032488855.1	MIGS.ba.plant-associated.6.0
GCF_032488835.1	MIGS.ba.plant-associated.6.0
GCA_032488835.1	MIGS.ba.plant-associated.6.0
GCF_032488795.1	MIGS.ba.plant-associated.6.0
GCA_032488795.1	MIGS.ba.plant-associated.6.0
GCF_032488815.1	MIGS.ba.plant-associated.6.0
GCA_032488815.1	MIGS.ba.plant-associated.6.0
GCF_032488775.1	MIGS.ba.plant-associated.6.0
GCA_032488775.1	MIGS.ba.plant-associated.6.0
GCF_032488755.1	MIGS.ba.plant-associated.6.0
GCA_032488755.1	MIGS.ba.plant-associated.6.0
GCF_032488735.1	MIGS.ba.plant-associated.6.0
GCA_032488735.1	MIGS.ba.plant-associated.6.0
GCF_032488695.1	MIGS.ba.plant-associated.6.0
GCA_032488695.1	MIGS.ba.plant-associated.6.0
GCF_032488715.1	MIGS.ba.plant-associated.6.0
GCA_032488715.1	MIGS.ba.plant-associated.6.0
GCF_032488655.1	MIGS.ba.plant-associated.6.0
GCA_032488655.1	MIGS.ba.plant-associated.6.0
GCF_032380775.1	MIGS.ba.plant-associated.6.0
GCA_032380775.1	MIGS.ba.plant-associated.6.0
GCF_032488675.1	MIGS.ba.plant-associated.6.0
GCA_032488675.1	MIGS.ba.plant-associated.6.0
GCF_032488635.1	MIGS.ba.plant-associated.6.0
GCA_032488635.1	MIGS.ba.plant-associated.6.0
GCF_032488615.1	MIGS.ba.plant-associated.6.0
GCA_032488615.1	MIGS.ba.plant-associated.6.0
GCF_032488595.1	MIGS.ba.plant-associated.6.0
GCA_032488595.1	MIGS.ba.plant-associated.6.0
GCF_032488575.1	MIGS.ba.plant-associated.6.0
GCA_032488575.1	MIGS.ba.plant-associated.6.0
GCF_032488535.1	MIGS.ba.plant-associated.6.0
GCA_032488535.1	MIGS.ba.plant-associated.6.0
GCF_032488555.1	MIGS.ba.plant-associated.6.0
GCA_032488555.1	MIGS.ba.plant-associated.6.0
GCF_032488515.1	MIGS.ba.plant-associated.6.0
GCA_032488515.1	MIGS.ba.plant-associated.6.0
GCF_032488495.1	MIGS.ba.plant-associated.6.0
GCA_032488495.1	MIGS.ba.plant-associated.6.0
GCF_032488475.1	MIGS.ba.plant-associated.6.0
GCA_032488475.1	MIGS.ba.plant-associated.6.0
GCF_032488455.1	MIGS.ba.plant-associated.6.0
GCA_032488455.1	MIGS.ba.plant-associated.6.0
GCF_032488415.1	MIGS.ba.plant-associated.6.0
GCA_032488415.1	MIGS.ba.plant-associated.6.0
GCF_032488435.1	MIGS.ba.plant-associated.6.0
GCA_032488435.1	MIGS.ba.plant-associated.6.0
GCF_032380715.1	MIGS.ba.plant-associated.6.0
GCA_032380715.1	MIGS.ba.plant-associated.6.0
GCF_032488395.1	MIGS.ba.plant-associated.6.0
GCA_032488395.1	MIGS.ba.plant-associated.6.0
GCF_032488375.1	MIGS.ba.plant-associated.6.0
GCA_032488375.1	MIGS.ba.plant-associated.6.0
GCF_032488355.1	MIGS.ba.plant-associated.6.0
GCA_032488355.1	MIGS.ba.plant-associated.6.0
GCF_032488335.1	MIGS.ba.plant-associated.6.0
GCA_032488335.1	MIGS.ba.plant-associated.6.0
GCF_032488315.1	MIGS.ba.plant-associated.6.0
GCA_032488315.1	MIGS.ba.plant-associated.6.0
GCF_032488275.1	MIGS.ba.plant-associated.6.0
GCA_032488275.1	MIGS.ba.plant-associated.6.0
GCF_032488295.1	MIGS.ba.plant-associated.6.0
GCA_032488295.1	MIGS.ba.plant-associated.6.0
GCF_032378455.1	MIGS.ba.plant-associated.6.0
GCA_032378455.1	MIGS.ba.plant-associated.6.0
GCF_032488255.1	MIGS.ba.plant-associated.6.0
GCA_032488255.1	MIGS.ba.plant-associated.6.0
GCF_032488215.1	MIGS.ba.plant-associated.6.0
GCA_032488215.1	MIGS.ba.plant-associated.6.0
GCF_032488235.1	MIGS.ba.plant-associated.6.0
GCA_032488235.1	MIGS.ba.plant-associated.6.0
GCF_032488175.1	MIGS.ba.plant-associated.6.0
GCA_032488175.1	MIGS.ba.plant-associated.6.0
GCF_032378275.1	MIGS.ba.plant-associated.6.0
GCA_032378275.1	MIGS.ba.plant-associated.6.0
GCF_032488195.1	MIGS.ba.plant-associated.6.0
GCA_032488195.1	MIGS.ba.plant-associated.6.0
GCF_032488155.1	MIGS.ba.plant-associated.6.0
GCA_032488155.1	MIGS.ba.plant-associated.6.0
GCF_032378175.1	MIGS.ba.plant-associated.6.0
GCA_032378175.1	MIGS.ba.plant-associated.6.0
GCF_032488135.1	MIGS.ba.plant-associated.6.0
GCA_032488135.1	MIGS.ba.plant-associated.6.0
GCF_032488095.1	MIGS.ba.plant-associated.6.0
GCA_032488095.1	MIGS.ba.plant-associated.6.0
GCF_032488115.1	MIGS.ba.plant-associated.6.0
GCA_032488115.1	MIGS.ba.plant-associated.6.0
GCF_032488075.1	MIGS.ba.plant-associated.6.0
GCA_032488075.1	MIGS.ba.plant-associated.6.0
GCF_032488055.1	MIGS.ba.plant-associated.6.0
GCA_032488055.1	MIGS.ba.plant-associated.6.0
GCF_032378315.1	MIGS.ba.plant-associated.6.0
GCA_032378315.1	MIGS.ba.plant-associated.6.0
GCF_032488035.1	MIGS.ba.plant-associated.6.0
GCA_032488035.1	MIGS.ba.plant-associated.6.0
GCF_032487995.1	MIGS.ba.plant-associated.6.0
GCA_032487995.1	MIGS.ba.plant-associated.6.0
GCF_032488015.1	MIGS.ba.plant-associated.6.0
GCA_032488015.1	MIGS.ba.plant-associated.6.0
GCF_032378195.1	MIGS.ba.plant-associated.6.0
GCA_032378195.1	MIGS.ba.plant-associated.6.0
GCF_032487975.1	MIGS.ba.plant-associated.6.0
GCA_032487975.1	MIGS.ba.plant-associated.6.0
GCF_032487955.1	MIGS.ba.plant-associated.6.0
GCA_032487955.1	MIGS.ba.plant-associated.6.0
GCF_032487915.1	MIGS.ba.plant-associated.6.0
GCA_032487915.1	MIGS.ba.plant-associated.6.0
GCF_032378095.1	MIGS.ba.plant-associated.6.0
GCA_032378095.1	MIGS.ba.plant-associated.6.0
GCF_032487935.1	MIGS.ba.plant-associated.6.0
GCA_032487935.1	MIGS.ba.plant-associated.6.0
GCF_032378075.1	MIGS.ba.plant-associated.6.0
GCA_032378075.1	MIGS.ba.plant-associated.6.0
GCF_032487895.1	MIGS.ba.plant-associated.6.0
GCA_032487895.1	MIGS.ba.plant-associated.6.0
GCF_032487875.1	MIGS.ba.plant-associated.6.0
GCA_032487875.1	MIGS.ba.plant-associated.6.0
GCF_032487855.1	MIGS.ba.plant-associated.6.0
GCA_032487855.1	MIGS.ba.plant-associated.6.0
GCF_032487835.1	MIGS.ba.plant-associated.6.0
GCA_032487835.1	MIGS.ba.plant-associated.6.0
GCF_032487815.1	MIGS.ba.plant-associated.6.0
GCA_032487815.1	MIGS.ba.plant-associated.6.0
GCF_032377935.1	MIGS.ba.plant-associated.6.0
GCA_032377935.1	MIGS.ba.plant-associated.6.0
GCF_032487795.1	MIGS.ba.plant-associated.6.0
GCA_032487795.1	MIGS.ba.plant-associated.6.0
GCF_032487775.1	MIGS.ba.plant-associated.6.0
GCA_032487775.1	MIGS.ba.plant-associated.6.0
GCF_032487755.1	MIGS.ba.plant-associated.6.0
GCA_032487755.1	MIGS.ba.plant-associated.6.0
GCF_032487735.1	MIGS.ba.plant-associated.6.0
GCA_032487735.1	MIGS.ba.plant-associated.6.0
GCF_032487695.1	MIGS.ba.plant-associated.6.0
GCA_032487695.1	MIGS.ba.plant-associated.6.0
GCF_032487715.1	MIGS.ba.plant-associated.6.0
GCA_032487715.1	MIGS.ba.plant-associated.6.0
GCF_032487655.1	MIGS.ba.plant-associated.6.0
GCA_032487655.1	MIGS.ba.plant-associated.6.0
GCF_032487675.1	MIGS.ba.plant-associated.6.0
GCA_032487675.1	MIGS.ba.plant-associated.6.0
GCF_032487615.1	MIGS.ba.plant-associated.6.0
GCA_032487615.1	MIGS.ba.plant-associated.6.0
GCF_032487635.1	MIGS.ba.plant-associated.6.0
GCA_032487635.1	MIGS.ba.plant-associated.6.0
GCF_032377915.1	MIGS.ba.plant-associated.6.0
GCA_032377915.1	MIGS.ba.plant-associated.6.0
GCF_032377835.1	MIGS.ba.plant-associated.6.0
GCA_032377835.1	MIGS.ba.plant-associated.6.0
GCF_032487595.1	MIGS.ba.plant-associated.6.0
GCA_032487595.1	MIGS.ba.plant-associated.6.0
GCF_032377895.1	MIGS.ba.plant-associated.6.0
GCA_032377895.1	MIGS.ba.plant-associated.6.0
GCF_032487575.1	MIGS.ba.plant-associated.6.0
GCA_032487575.1	MIGS.ba.plant-associated.6.0
GCF_032487555.1	MIGS.ba.plant-associated.6.0
GCA_032487555.1	MIGS.ba.plant-associated.6.0
GCF_032487495.1	MIGS.ba.plant-associated.6.0
GCA_032487495.1	MIGS.ba.plant-associated.6.0
GCF_032487515.1	MIGS.ba.plant-associated.6.0
GCA_032487515.1	MIGS.ba.plant-associated.6.0
GCF_032378395.1	MIGS.ba.plant-associated.6.0
GCA_032378395.1	MIGS.ba.plant-associated.6.0
GCF_032485115.1	MIGS.ba.plant-associated.6.0
GCA_032485115.1	MIGS.ba.plant-associated.6.0
GCF_032378335.1	MIGS.ba.plant-associated.6.0
GCA_032378335.1	MIGS.ba.plant-associated.6.0
GCF_032485095.1	MIGS.ba.plant-associated.6.0
GCA_032485095.1	MIGS.ba.plant-associated.6.0
GCF_032485075.1	MIGS.ba.plant-associated.6.0
GCA_032485075.1	MIGS.ba.plant-associated.6.0
GCF_032485055.1	MIGS.ba.plant-associated.6.0
GCA_032485055.1	MIGS.ba.plant-associated.6.0
GCF_032485035.1	MIGS.ba.plant-associated.6.0
GCA_032485035.1	MIGS.ba.plant-associated.6.0
GCF_032484975.1	MIGS.ba.plant-associated.6.0
GCA_032484975.1	MIGS.ba.plant-associated.6.0
GCF_032485015.1	MIGS.ba.plant-associated.6.0
GCA_032485015.1	MIGS.ba.plant-associated.6.0
GCF_032484995.1	MIGS.ba.plant-associated.6.0
GCA_032484995.1	MIGS.ba.plant-associated.6.0
GCF_032484955.1	MIGS.ba.plant-associated.6.0
GCA_032484955.1	MIGS.ba.plant-associated.6.0
GCF_032377735.1	MIGS.ba.plant-associated.6.0
GCA_032377735.1	MIGS.ba.plant-associated.6.0
GCF_032484915.1	MIGS.ba.plant-associated.6.0
GCA_032484915.1	MIGS.ba.plant-associated.6.0
GCF_032484935.1	MIGS.ba.plant-associated.6.0
GCA_032484935.1	MIGS.ba.plant-associated.6.0
GCF_032484895.1	MIGS.ba.plant-associated.6.0
GCA_032484895.1	MIGS.ba.plant-associated.6.0
GCF_032484875.1	MIGS.ba.plant-associated.6.0
GCA_032484875.1	MIGS.ba.plant-associated.6.0
GCF_032484855.1	MIGS.ba.plant-associated.6.0
GCA_032484855.1	MIGS.ba.plant-associated.6.0
GCF_032484835.1	MIGS.ba.plant-associated.6.0
GCA_032484835.1	MIGS.ba.plant-associated.6.0
GCF_032484775.1	MIGS.ba.plant-associated.6.0
GCA_032484775.1	MIGS.ba.plant-associated.6.0
GCF_032484785.1	MIGS.ba.plant-associated.6.0
GCA_032484785.1	MIGS.ba.plant-associated.6.0
GCF_032484815.1	MIGS.ba.plant-associated.6.0
GCA_032484815.1	MIGS.ba.plant-associated.6.0
GCF_032484755.1	MIGS.ba.plant-associated.6.0
GCA_032484755.1	MIGS.ba.plant-associated.6.0
GCF_032378235.1	MIGS.ba.plant-associated.6.0
GCA_032378235.1	MIGS.ba.plant-associated.6.0
GCF_032484735.1	MIGS.ba.plant-associated.6.0
GCA_032484735.1	MIGS.ba.plant-associated.6.0
GCF_032377715.1	MIGS.ba.plant-associated.6.0
GCA_032377715.1	MIGS.ba.plant-associated.6.0
GCF_032484715.1	MIGS.ba.plant-associated.6.0
GCA_032484715.1	MIGS.ba.plant-associated.6.0
GCF_032377635.1	MIGS.ba.plant-associated.6.0
GCA_032377635.1	MIGS.ba.plant-associated.6.0
GCF_032377575.1	MIGS.ba.plant-associated.6.0
GCA_032377575.1	MIGS.ba.plant-associated.6.0
GCF_032484675.1	MIGS.ba.plant-associated.6.0
GCA_032484675.1	MIGS.ba.plant-associated.6.0
GCF_032377435.1	MIGS.ba.plant-associated.6.0
GCA_032377435.1	MIGS.ba.plant-associated.6.0
GCF_032484695.1	MIGS.ba.plant-associated.6.0
GCA_032484695.1	MIGS.ba.plant-associated.6.0
GCF_032484655.1	MIGS.ba.plant-associated.6.0
GCA_032484655.1	MIGS.ba.plant-associated.6.0
GCF_032484635.1	MIGS.ba.plant-associated.6.0
GCA_032484635.1	MIGS.ba.plant-associated.6.0
GCF_032484575.1	MIGS.ba.plant-associated.6.0
GCA_032484575.1	MIGS.ba.plant-associated.6.0
GCF_032484595.1	MIGS.ba.plant-associated.6.0
GCA_032484595.1	MIGS.ba.plant-associated.6.0
GCF_032484615.1	MIGS.ba.plant-associated.6.0
GCA_032484615.1	MIGS.ba.plant-associated.6.0
GCF_032484555.1	MIGS.ba.plant-associated.6.0
GCA_032484555.1	MIGS.ba.plant-associated.6.0
GCF_032484535.1	MIGS.ba.plant-associated.6.0
GCA_032484535.1	MIGS.ba.plant-associated.6.0
GCF_032484515.1	MIGS.ba.plant-associated.6.0
GCA_032484515.1	MIGS.ba.plant-associated.6.0
GCF_032484475.1	MIGS.ba.plant-associated.6.0
GCA_032484475.1	MIGS.ba.plant-associated.6.0
GCF_032484495.1	MIGS.ba.plant-associated.6.0
GCA_032484495.1	MIGS.ba.plant-associated.6.0
GCF_032484455.1	MIGS.ba.plant-associated.6.0
GCA_032484455.1	MIGS.ba.plant-associated.6.0
GCF_032377455.1	MIGS.ba.plant-associated.6.0
GCA_032377455.1	MIGS.ba.plant-associated.6.0
GCF_032484435.1	MIGS.ba.plant-associated.6.0
GCA_032484435.1	MIGS.ba.plant-associated.6.0
GCF_032484415.1	MIGS.ba.plant-associated.6.0
GCA_032484415.1	MIGS.ba.plant-associated.6.0
GCF_032484395.1	MIGS.ba.plant-associated.6.0
GCA_032484395.1	MIGS.ba.plant-associated.6.0
GCF_032484375.1	MIGS.ba.plant-associated.6.0
GCA_032484375.1	MIGS.ba.plant-associated.6.0
GCF_032484335.1	MIGS.ba.plant-associated.6.0
GCA_032484335.1	MIGS.ba.plant-associated.6.0
GCF_032484355.1	MIGS.ba.plant-associated.6.0
GCA_032484355.1	MIGS.ba.plant-associated.6.0
GCF_018129985.1	Microbe.1.0
GCA_018129985.1	Microbe.1.0
GCF_018129995.1	Microbe.1.0
GCA_018129995.1	Microbe.1.0
GCF_018130245.1	Microbe.1.0
GCA_018130245.1	Microbe.1.0
GCF_053592855.1	MIGS.ba.plant-associated.6.0
GCA_053592855.1	MIGS.ba.plant-associated.6.0
GCF_058314695.1	MIGS.ba.plant-associated.6.0
GCA_058314695.1	MIGS.ba.plant-associated.6.0
GCF_000426785.1	Generic.1.0
GCA_000426785.1	Generic.1.0
GCF_009176685.1	MIGS.ba.plant-associated.6.0
GCA_009176685.1	MIGS.ba.plant-associated.6.0
GCF_036247965.1	MIGS.ba.plant-associated.6.0
GCA_036247965.1	MIGS.ba.plant-associated.6.0
GCF_036247985.1	MIGS.ba.plant-associated.6.0
GCA_036247985.1	MIGS.ba.plant-associated.6.0
GCF_000472425.1	Generic.1.0
GCA_000472425.1	Generic.1.0
GCA_043099345.1	Microbe.1.0
GCF_051710265.1	MIGS.ba.symbiont-associated.6.0
GCA_051710265.1	MIGS.ba.symbiont-associated.6.0
GCF_018131225.1	Microbe.1.0
GCA_018131225.1	Microbe.1.0
GCF_018129605.1	Microbe.1.0
GCA_018129605.1	Microbe.1.0
GCF_018129665.1	Microbe.1.0
GCA_018129665.1	Microbe.1.0
GCF_018129825.1	Microbe.1.0
GCA_018129825.1	Microbe.1.0
GCF_018129845.1	Microbe.1.0
GCA_018129845.1	Microbe.1.0
GCF_001705105.1	Microbe.1.0
GCA_001705105.1	Microbe.1.0
GCF_002341725.1	Microbe.1.0
GCA_002341725.1	Microbe.1.0
GCF_046718885.1	Microbe.1.0
GCA_046718885.1	Microbe.1.0
GCF_002289535.1	Microbe.1.0
GCA_002289535.1	Microbe.1.0
GCF_054185165.1	Microbe.1.0
GCA_054185165.1	Microbe.1.0
GCF_053572325.1	Microbe.1.0
GCA_053572325.1	Microbe.1.0
GCF_054185185.1	Microbe.1.0
GCA_054185185.1	Microbe.1.0
GCF_055504835.1	Microbe.1.0
GCA_055504835.1	Microbe.1.0
GCF_054820065.1	Microbe.1.0
GCA_054820065.1	Microbe.1.0
GCF_054967145.1	Microbe.1.0
GCA_054967145.1	Microbe.1.0
GCF_059512345.1	Microbe.1.0
GCA_059512345.1	Microbe.1.0
GCF_006658635.1	MIGS.ba.soil.6.0
GCA_006658635.1	MIGS.ba.soil.6.0
GCF_006658625.1	MIGS.ba.soil.6.0
GCA_006658625.1	MIGS.ba.soil.6.0
GCF_000518345.1	MIGS.ba.6.0
GCA_000518345.1	MIGS.ba.6.0
GCF_054059515.1	Microbe.1.0
GCA_054059515.1	Microbe.1.0
GCF_000701345.1	Generic.1.0
GCA_000701345.1	Generic.1.0
GCF_054063735.1	Microbe.1.0
GCA_054063735.1	Microbe.1.0
GCF_044909005.1	Microbe.1.0
GCA_044909005.1	Microbe.1.0
GCF_049739505.1	Microbe.1.0
GCA_049739505.1	Microbe.1.0
GCF_041261785.1	Microbe.1.0
GCA_041261785.1	Microbe.1.0
GCF_054063295.1	Microbe.1.0
GCA_054063295.1	Microbe.1.0
GCF_054058275.1	Microbe.1.0
GCA_054058275.1	Microbe.1.0
GCF_049739485.1	Microbe.1.0
GCA_049739485.1	Microbe.1.0
GCF_054060035.1	Microbe.1.0
GCA_054060035.1	Microbe.1.0
GCF_041262065.1	Microbe.1.0
GCA_041262065.1	Microbe.1.0
GCF_041262625.1	Microbe.1.0
GCA_041262625.1	Microbe.1.0
GCF_041262205.1	Microbe.1.0
GCA_041262205.1	Microbe.1.0
GCF_054062495.1	Microbe.1.0
GCA_054062495.1	Microbe.1.0
GCF_054056795.1	Microbe.1.0
GCA_054056795.1	Microbe.1.0
GCF_044908355.1	Microbe.1.0
GCA_044908355.1	Microbe.1.0
GCF_054056355.1	Microbe.1.0
GCA_054056355.1	Microbe.1.0
GCF_054060965.1	Microbe.1.0
GCA_054060965.1	Microbe.1.0
GCF_006519655.1	Microbe.1.0
GCA_006519655.1	Microbe.1.0
GCF_006519675.2	Microbe.1.0
GCA_006519675.2	Microbe.1.0
GCF_054057395.1	Microbe.1.0
GCA_054057395.1	Microbe.1.0
GCF_054063055.1	Microbe.1.0
GCA_054063055.1	Microbe.1.0
GCF_054063135.1	Microbe.1.0
GCA_054063135.1	Microbe.1.0
GCF_053629095.1	Microbe.1.0
GCA_053629095.1	Microbe.1.0
GCF_054063675.1	Microbe.1.0
GCA_054063675.1	Microbe.1.0
GCF_053629495.1	Microbe.1.0
GCA_053629495.1	Microbe.1.0
GCF_054063415.1	Microbe.1.0
GCA_054063415.1	Microbe.1.0
GCF_054063755.1	Microbe.1.0
GCA_054063755.1	Microbe.1.0
GCF_054063605.1	Microbe.1.0
GCA_054063605.1	Microbe.1.0
GCF_054063215.1	Microbe.1.0
GCA_054063215.1	Microbe.1.0
GCF_054060315.1	Microbe.1.0
GCA_054060315.1	Microbe.1.0
GCF_054056435.1	Microbe.1.0
GCA_054056435.1	Microbe.1.0
GCF_054061715.1	Microbe.1.0
GCA_054061715.1	Microbe.1.0
GCF_054056275.1	Microbe.1.0
GCA_054056275.1	Microbe.1.0
GCF_054822585.1	Microbe.1.0
GCA_054822585.1	Microbe.1.0
GCF_054063575.1	Microbe.1.0
GCA_054063575.1	Microbe.1.0
GCF_054822705.1	Microbe.1.0
GCA_054822705.1	Microbe.1.0
GCF_054055825.1	Microbe.1.0
GCA_054055825.1	Microbe.1.0
GCF_054055655.1	Microbe.1.0
GCA_054055655.1	Microbe.1.0
GCF_054063195.1	Microbe.1.0
GCA_054063195.1	Microbe.1.0
GCF_054063515.1	Microbe.1.0
GCA_054063515.1	Microbe.1.0
GCF_054062515.1	Microbe.1.0
GCA_054062515.1	Microbe.1.0
GCF_054063595.1	Microbe.1.0
GCA_054063595.1	Microbe.1.0
GCF_054058595.1	Microbe.1.0
GCA_054058595.1	Microbe.1.0
GCF_054063335.1	Microbe.1.0
GCA_054063335.1	Microbe.1.0
GCF_054057515.1	Microbe.1.0
GCA_054057515.1	Microbe.1.0
GCF_054057995.1	Microbe.1.0
GCA_054057995.1	Microbe.1.0
GCF_054062115.1	Microbe.1.0
GCA_054062115.1	Microbe.1.0
GCF_054063355.1	Microbe.1.0
GCA_054063355.1	Microbe.1.0
GCF_054055815.1	Microbe.1.0
GCA_054055815.1	Microbe.1.0
GCF_054063995.1	Microbe.1.0
GCA_054063995.1	Microbe.1.0
GCF_054058795.1	Microbe.1.0
GCA_054058795.1	Microbe.1.0
GCF_054060175.1	Microbe.1.0
GCA_054060175.1	Microbe.1.0
GCF_054060295.1	Microbe.1.0
GCA_054060295.1	Microbe.1.0
GCF_054059095.1	Microbe.1.0
GCA_054059095.1	Microbe.1.0
GCF_054061855.1	Microbe.1.0
GCA_054061855.1	Microbe.1.0
GCF_054057875.1	Microbe.1.0
GCA_054057875.1	Microbe.1.0
GCF_054063895.1	Microbe.1.0
GCA_054063895.1	Microbe.1.0
GCF_054055915.1	Microbe.1.0
GCA_054055915.1	Microbe.1.0
GCF_054056095.1	Microbe.1.0
GCA_054056095.1	Microbe.1.0
GCF_054056175.1	Microbe.1.0
GCA_054056175.1	Microbe.1.0
GCF_054056205.1	Microbe.1.0
GCA_054056205.1	Microbe.1.0
GCF_054056375.1	Microbe.1.0
GCA_054056375.1	Microbe.1.0
GCF_054056195.1	Microbe.1.0
GCA_054056195.1	Microbe.1.0
GCF_054059395.1	Microbe.1.0
GCA_054059395.1	Microbe.1.0
GCF_054056315.1	Microbe.1.0
GCA_054056315.1	Microbe.1.0
GCF_024171315.1	MIGS.ba.6.0
GCA_024171315.1	MIGS.ba.6.0
GCF_024171345.1	MIGS.ba.6.0
GCA_024171345.1	MIGS.ba.6.0
GCF_024171045.1	MIGS.ba.6.0
GCA_024171045.1	MIGS.ba.6.0
GCF_024171385.1	MIGS.ba.6.0
GCA_024171385.1	MIGS.ba.6.0
GCF_024171085.1	MIGS.ba.6.0
GCA_024171085.1	MIGS.ba.6.0
GCF_024170985.1	MIGS.ba.6.0
GCA_024170985.1	MIGS.ba.6.0
GCF_056429065.1	MIGS.ba.plant-associated.6.0
GCA_056429065.1	MIGS.ba.plant-associated.6.0
GCF_057651995.1	Microbe.1.0
GCA_057651995.1	Microbe.1.0
GCF_042258825.1	Microbe.1.0
GCA_042258825.1	Microbe.1.0
GCF_005156885.1	Microbe.1.0
GCF_013240495.1	Microbe.1.0
GCA_005156885.1	Microbe.1.0
GCA_013240495.1	Microbe.1.0
GCF_005157045.1	Microbe.1.0
GCF_028680155.1	Microbe.1.0
GCA_005157045.1	Microbe.1.0
GCA_028680155.1	Microbe.1.0
GCF_028680175.1	Microbe.1.0
GCA_028680175.1	Microbe.1.0
GCF_005156645.1	Microbe.1.0
GCF_028680255.1	Microbe.1.0
GCA_005156645.1	Microbe.1.0
GCA_028680255.1	Microbe.1.0
GCF_005165845.1	Microbe.1.0
GCF_028680185.1	Microbe.1.0
GCA_005165845.1	Microbe.1.0
GCA_028680185.1	Microbe.1.0
GCF_024585265.1	Microbe.1.0
GCF_028680215.1	Microbe.1.0
GCA_024585265.1	Microbe.1.0
GCA_028680215.1	Microbe.1.0
GCA_024585065.1	Microbe.1.0
GCF_024585085.1	Microbe.1.0
GCA_024585085.1	Microbe.1.0
GCF_024585105.1	Microbe.1.0
GCA_024585105.1	Microbe.1.0
GCF_024585165.1	Microbe.1.0
GCA_024585165.1	Microbe.1.0
GCF_024585125.1	Microbe.1.0
GCA_024585125.1	Microbe.1.0
GCF_028680235.1	Microbe.1.0
GCA_028680235.1	Microbe.1.0
GCF_028680385.1	Microbe.1.0
GCA_028680385.1	Microbe.1.0
GCF_028680245.1	Microbe.1.0
GCA_028680245.1	Microbe.1.0
GCF_028680285.1	Microbe.1.0
GCA_028680285.1	Microbe.1.0
GCF_028680315.1	Microbe.1.0
GCA_028680315.1	Microbe.1.0
GCF_028680355.1	Microbe.1.0
GCA_028680355.1	Microbe.1.0
GCF_053474805.1	MIGS.ba.food-human_foods.6.0
GCA_053474805.1	MIGS.ba.food-human_foods.6.0
GCF_024181725.1	Microbe.1.0
GCA_024181725.1	Microbe.1.0
GCF_000244935.1	MIGS.ba.6.0
GCA_000244935.1	MIGS.ba.6.0
GCF_000515415.1	MIGS.ba.6.0
GCA_000515415.1	MIGS.ba.6.0
GCF_000473065.1	Generic.1.0
GCA_000473065.1	Generic.1.0
GCF_000472645.1	Generic.1.0
GCA_000472645.1	Generic.1.0
GCF_000379585.1	MIGS.ba.6.0
GCA_000379585.1	MIGS.ba.6.0
GCF_000473045.1	Generic.1.0
GCA_000473045.1	Generic.1.0
GCF_000373125.1	Generic.1.0
GCA_000373125.1	Generic.1.0
GCF_000244915.1	MIGS.ba.6.0
GCF_021052245.1	Microbe.1.0
GCA_000244915.1	MIGS.ba.6.0
GCA_021052245.1	Microbe.1.0
GCF_055811715.1	Microbe.1.0
GCA_055811715.1	Microbe.1.0
GCF_055811355.1	Microbe.1.0
GCA_055811355.1	Microbe.1.0
GCF_055811835.1	Microbe.1.0
GCA_055811835.1	Microbe.1.0
GCF_021052305.1	Microbe.1.0
GCA_021052305.1	Microbe.1.0
GCF_030435515.1	Microbe.1.0
GCA_030435515.1	Microbe.1.0
GCF_032144035.1	Microbe.1.0
GCA_032144035.1	Microbe.1.0
GCF_030435535.1	Microbe.1.0
GCA_030435535.1	Microbe.1.0
GCF_056148975.1	Microbe.1.0
GCA_056148975.1	Microbe.1.0
GCF_056174645.1	Microbe.1.0
GCA_056174645.1	Microbe.1.0
GCF_056174665.1	MIGS.ba.host-associated.6.0
GCA_056174665.1	MIGS.ba.host-associated.6.0
GCF_004346395.1	MIGS.ba.6.0
GCA_004346395.1	MIGS.ba.6.0
GCF_002531575.1	MIGS.ba.plant-associated.6.0
GCA_002531575.1	MIGS.ba.plant-associated.6.0
GCF_044570075.1	Microbe.1.0
GCA_044570075.1	Microbe.1.0
GCF_000282615.1	Generic.1.0
GCA_000282615.1	Generic.1.0
GCF_001641335.1	MIGS.ba.plant-associated.6.0
GCF_007827835.1	MIGS.ba.6.0
GCA_001641335.1	MIGS.ba.plant-associated.6.0
GCA_007827835.1	MIGS.ba.6.0
GCF_011604665.2	Microbe.1.0
GCF_002266465.3	Microbe.1.0
GCF_006459165.2	Microbe.1.0
GCF_011604645.2	Microbe.1.0
GCF_037806365.1	Microbe.1.0
GCF_037814245.1	Microbe.1.0
GCA_002266465.3	Microbe.1.0
GCA_006459165.2	Microbe.1.0
GCA_011604645.2	Microbe.1.0
GCA_011604665.2	Microbe.1.0
GCA_037806365.1	Microbe.1.0
GCA_037814245.1	Microbe.1.0
GCF_001189845.1	MIGS.ba.host-associated.6.0
GCF_018130505.1	Microbe.1.0
GCF_018130545.1	Microbe.1.0
GCA_001189845.1	MIGS.ba.host-associated.6.0
GCA_018130505.1	Microbe.1.0
GCA_018130545.1	Microbe.1.0
GCF_042263385.1	Microbe.1.0
GCF_042263425.1	Microbe.1.0
GCF_042263485.1	Microbe.1.0
GCA_042263385.1	Microbe.1.0
GCA_042263425.1	Microbe.1.0
GCA_042263485.1	Microbe.1.0
GCF_010811875.1	Microbe.1.0
GCA_010811875.1	Microbe.1.0
GCF_001440405.1	Microbe.1.0
GCF_001440385.1	Microbe.1.0
GCA_001440385.1	Microbe.1.0
GCA_001440405.1	Microbe.1.0
GCF_900324035.1	Generic.1.0
GCF_004114425.1	Microbe.1.0
GCF_017788805.1	MIGS.ba.plant-associated.6.0
GCA_004114425.1	Microbe.1.0
GCA_017788805.1	MIGS.ba.plant-associated.6.0
GCA_900324035.1	Generic.1.0
GCF_001238275.1	MIGS.ba.host-associated.6.0
GCF_018129445.1	Microbe.1.0
GCF_018129505.1	Microbe.1.0
GCF_018129535.1	Microbe.1.0
GCF_018129585.1	Microbe.1.0
GCF_018129745.1	Microbe.1.0
GCF_018129885.1	Microbe.1.0
GCF_018129905.1	Microbe.1.0
GCF_018130025.1	Microbe.1.0
GCF_051168515.1	MIGS.ba.plant-associated.6.0
GCF_051168535.1	MIGS.ba.plant-associated.6.0
GCF_963543985.1	Generic.1.0
GCA_001238275.1	MIGS.ba.host-associated.6.0
GCA_018129445.1	Microbe.1.0
GCA_018129505.1	Microbe.1.0
GCA_018129535.1	Microbe.1.0
GCA_018129585.1	Microbe.1.0
GCA_018129745.1	Microbe.1.0
GCA_018129885.1	Microbe.1.0
GCA_018129905.1	Microbe.1.0
GCA_018130025.1	Microbe.1.0
GCA_051168515.1	MIGS.ba.plant-associated.6.0
GCA_051168535.1	MIGS.ba.plant-associated.6.0
GCA_963543985.1	Generic.1.0
GCF_027594865.1	MIGS.ba.plant-associated.6.0
GCA_027594865.1	MIGS.ba.plant-associated.6.0
GCF_025200905.1	Microbe.1.0
GCF_001439885.1	Microbe.1.0
GCF_004022285.3	Microbe.1.0
GCF_005157565.1	Microbe.1.0
GCF_007830575.1	MIGS.ba.6.0
GCF_009758375.1	Microbe.1.0
GCF_020194315.1	Microbe.1.0
GCF_029167055.1	Microbe.1.0
GCF_029167075.1	Microbe.1.0
GCF_029167105.1	Microbe.1.0
GCF_041260255.1	Microbe.1.0
GCF_041260385.1	Microbe.1.0
GCF_041260605.1	Microbe.1.0
GCF_041260825.1	Microbe.1.0
GCF_041261325.1	Microbe.1.0
GCF_041261905.1	Microbe.1.0
GCF_041261965.1	Microbe.1.0
GCF_041262005.1	Microbe.1.0
GCF_041262545.1	Microbe.1.0
GCF_056429045.1	MIGS.ba.plant-associated.6.0
GCF_900094575.1	MIGS.ba.6.0
GCA_001439885.1	Microbe.1.0
GCA_004022285.3	Microbe.1.0
GCA_005157565.1	Microbe.1.0
GCA_007830575.1	MIGS.ba.6.0
GCA_009758375.1	Microbe.1.0
GCA_020194315.1	Microbe.1.0
GCA_025200905.1	Microbe.1.0
GCA_029167055.1	Microbe.1.0
GCA_029167075.1	Microbe.1.0
GCA_029167105.1	Microbe.1.0
GCA_041260255.1	Microbe.1.0
GCA_041260385.1	Microbe.1.0
GCA_041260605.1	Microbe.1.0
GCA_041260825.1	Microbe.1.0
GCA_041261325.1	Microbe.1.0
GCA_041261905.1	Microbe.1.0
GCA_041261965.1	Microbe.1.0
GCA_041262005.1	Microbe.1.0
GCA_041262545.1	Microbe.1.0
GCA_056429045.1	MIGS.ba.plant-associated.6.0
GCA_900094575.1	MIGS.ba.6.0
GCF_000261785.1	Generic.1.0
GCA_000261785.1	Generic.1.0
GCF_000261805.1	Generic.1.0
GCA_000261805.1	Generic.1.0
GCF_000261825.1	Generic.1.0
GCA_000261825.1	Generic.1.0
GCF_041200145.1	MIGS.ba.plant-associated.6.0
GCF_046197085.1	Microbe.1.0
GCA_041200145.1	MIGS.ba.plant-associated.6.0
GCA_046197085.1	Microbe.1.0
GCF_004114935.1	Microbe.1.0
GCF_004114435.1	Microbe.1.0
GCF_004114465.1	Microbe.1.0
GCF_004114485.1	Microbe.1.0
GCA_004114435.1	Microbe.1.0
GCA_004114465.1	Microbe.1.0
GCA_004114485.1	Microbe.1.0
GCA_004114935.1	Microbe.1.0
GCF_022012555.1	Microbe.1.0
GCF_022012435.1	Microbe.1.0
GCF_022012485.1	Microbe.1.0
GCF_042653665.1	Microbe.1.0
GCA_022012435.1	Microbe.1.0
GCA_022012485.1	Microbe.1.0
GCA_022012555.1	Microbe.1.0
GCA_042653665.1	Microbe.1.0
GCF_902482845.1	Generic.1.0
GCF_902488645.1	Generic.1.0
GCF_936920605.1	Generic.1.0
GCF_936928535.1	Generic.1.0
GCF_936943645.1	Generic.1.0
GCF_937872855.1	Generic.1.0
GCF_947648125.1	Generic.1.0
GCF_963512315.1	Generic.1.0
GCF_964252615.1	Generic.1.0
GCA_902482845.1	Generic.1.0
GCA_902488645.1	Generic.1.0
GCA_902826195.1	Generic.1.0
GCA_936920605.1	Generic.1.0
GCA_936928535.1	Generic.1.0
GCA_936943645.1	Generic.1.0
GCA_937872855.1	Generic.1.0
GCA_947040575.1	Generic.1.0
GCA_947648125.1	Generic.1.0
GCA_963512315.1	Generic.1.0
GCA_964252615.1	Generic.1.0
GCA_964421905.1	Generic.1.0
GCA_964423245.1	Generic.1.0
GCA_964445805.1	Generic.1.0
GCA_964454955.1	Generic.1.0
GCA_964504705.1	Generic.1.0
GCA_964552445.1	Generic.1.0
GCA_964609175.1	Generic.1.0
GCA_966212395.1	Generic.1.0
